Workbook

Sheet Мартыновская
A1: Реактансы ПС 35/6кВ СР-1
A2: СР | B2: Наименование ПС 35/6кВ | C2: Тип ПС | D2: №Ф-35кВ | E2: Режим | F2: Головная ПС | G2: Реактансы на с.ш.35кВ ПС 110/35/6кВ | I2: Длина ВЛ-35кВ | P2: Хвл-35кВ | R2: Реактансы на 110 ПС Мартыновская | T2: Токи на с.ш.35кВ ПС 35/6кВ до трансф. | V2: № тр-ра | W2: Тип | X2: S | Y2: Груп Соед | Z2: U ВН | AA2: U HН | AB2: Uкз | AC2: Iвн/Iнн | AD2: РПН | AE2: Хтмак | AF2: Реактансы на с.ш.35кВ ПС 35/6кВ | AH2: Реактансы на с.ш.6кВ ПС 35/6кВ | AJ2: Токи на с.ш.6кВ ПС 35/6кВ после трансф., приведенные к стороне 35кВ | AL2: Кч=1.2 | AM2: Кч=1.5 | AN2: Токи на с.ш.6кВ ПС 35/6кВ после трансф., приведенные к стороне 6,3кВ
G3: Хсмакc | H3: Хсмин | I3: АС-95 | J3: АС-120 | K3: АС-150 | L3: АПвП 300 | M3: АС-150 | N3: АС-185 | O3: АС-500 | R3: Хмакс | S3: Хмин | T3: Iмакс | U3: Iмин | AF3: Хмакс | AG3: Хмин | AH3: Хмакс | AI3: Хмин | AJ3: Iмакс | AK3: Iмин | AN3: Iмакс | AO3: Iмин
G4: Ом | H4: Ом | I4: км | J4: км | K4: км | L4: км | M4: км | N4: км | O4: км | P4: Ом | Q4: Ом | R4: Ом | S4: Ом | T4: А | U4: А | X4: МВА | Z4: кВ | AA4: кВ | AB4: % | AC4: А | AD4: % | AE4: Ом | AF4: Ом | AG4: Ом | AH4: Ом | AI4: Ом | AJ4: А | AK4: А | AL4: А | AM4: А | AN4: А | AO4: А
A5: 1 | B5: ДНС-2В | C5: К-47 | D5: 5.6 | E5: Н | F5: Кирьяновская | G5: 2.755 | H5: 7.073 | J5: 0.83 | K5: 5.13 | P5: =0.314*I5+0.249*J5+0.204*M5+0.159*N5+0.06*O5 -> 0.20667 | Q5: =0.4*SUM(I5:O5) -> 2.384 | R5: =SQRT(POWER(P5,2)+POWER(Q5+G5,2)) -> 5.143154 | S5: =SQRT(POWER(P5,2)+POWER(Q5+H5,2)) -> 9.459258 | T5: =115000/1.73/SQRT(POWER((R5+Q5),2)+P5*P5) -> 8827.8978 | U5: =115000/2/SQRT(P5*P5+POWER((S5+Q5),2)) -> 4854.3439 | V5: 1 | W5: TМН-4000/35 | X5: 4 | Y5: 11 | Z5: 35 | AA5: 6.3 | AB5: 7.67 | AC5: 66/366 | AD5: 9 | AE5: =AB5/100*Z5*Z5/X5 -> 23.489375 | AF5: =SQRT(POWER(P5,2)+POWER(Q5+AE5+G5,2)) -> 28.629121 | AG5: =SQRT(POWER(P5,2)+POWER(Q5+AE5+H5,2)) -> 32.947023 | AH5: =SQRT(POWER((AE5+Q5+G5),2)+POWER(P5,2))*POWER(6.3/Z5,2) -> 0.92758352 | AI5: =SQRT(POWER((H5+Q5+AE5),2)+POWER(P5,2))*POWER(6.3/Z5,2) -> 1.0674836 | AJ5: =37000/1.73/SQRT(POWER((G5+Q5+AE5),2)+P5*P5) -> 747.04645 | AK5: =37000/2/SQRT(POWER((H5+Q5+AE5),2)+P5*P5) -> 561.50748 | AL5: =AK5/1.2 -> 467.9229 | AM5: =AK5/1.5 -> 374.33832 | AN5: =6300/(1.73*AH5) -> 3925.9198 | AO5: =SUM(6300/(2*AI5)) -> 2950.8651
A6: 1 | D6: 5.6 | E6: Н | F6: Кирьяновская | G6: 2.755 | H6: 7.073 | J6: 0.83 | K6: 5.13 | P6: =0.314*I6+0.249*J6+0.204*M6+0.159*N6+0.06*O6 -> 0.20667 | Q6: =0.4*SUM(I6:O6) -> 2.384 | R6: =SQRT(POWER(P6,2)+POWER(Q6+G6,2)) -> 5.143154 | S6: =SQRT(POWER(P6,2)+POWER(Q6+H6,2)) -> 9.459258 | T6: =115000/1.73/SQRT(POWER((R6+Q6),2)+P6*P6) -> 8827.8978 | U6: =115000/2/SQRT(P6*P6+POWER((S6+Q6),2)) -> 4854.3439 | V6: 2 | W6: TМН-4000/35 | X6: 4 | Y6: 11 | Z6: 35 | AA6: 6.3 | AB6: 7.6 | AC6: 66/366 | AD6: 12 | AE6: =AB6/100*Z6*Z6/X6 -> 23.275 | AF6: =SQRT(POWER(P6,2)+POWER(Q6+AE6+G6,2)) -> 28.414752 | AG6: =SQRT(POWER(P6,2)+POWER(Q6+AE6+H6,2)) -> 32.732652 | AH6: =SQRT(POWER((AE6+Q6+G6),2)+POWER(P6,2))*POWER(6.3/Z6,2) -> 0.92063795 | AI6: =SQRT(POWER((H6+Q6+AE6),2)+POWER(P6,2))*POWER(6.3/Z6,2) -> 1.0605379 | AJ6: =37000/1.73/SQRT(POWER((G6+Q6+AE6),2)+P6*P6) -> 752.68239 | AK6: =37000/2/SQRT(POWER((H6+Q6+AE6),2)+P6*P6) -> 565.18487 | AL6: =AK6/1.2 -> 470.98739 | AM6: =AK6/1.5 -> 376.78991 | AN6: =6300/(1.73*AH6) -> 3955.5381 | AO6: =SUM(6300/(2*AI6)) -> 2970.1908
A7: 1 | B7: КНС-4В | C7: К-47 | D7: 5.6 | E7: Н | F7: Кирьяновская | G7: 2.55 | H7: 5.42 | J7: 0.35 | P7: =0.314*I7+0.249*J7+0.195*M7+0.159*N7+0.06*O7 -> 0.08715 | Q7: =0.4*SUM(I7:O7) -> 0.14 | R7: =SQRT(POWER(P7,2)+POWER(Q7+G7,2)) -> 2.6914114 | S7: =SQRT(POWER(P7,2)+POWER(Q7+H7,2)) -> 5.560683 | T7: =37000/1.73/SQRT(POWER((G7+Q7),2)+P7*P7) -> 7946.4936 | U7: =37000/2/SQRT(P7*P7+POWER((H7+Q7),2)) -> 3326.9295 | V7: 1 | W7: ТМН 6300/35 | X7: 6.3 | Y7: 11 | Z7: 35 | AA7: 6.3 | AB7: 7.82 | AC7: 103,9/577,3 | AE7: =AB7/100*Z7*Z7/X7 -> 15.205556 | AF7: =SQRT(POWER(P7,2)+POWER(Q7+AE7+G7,2)) -> 17.895768 | AG7: =SQRT(POWER(P7,2)+POWER(Q7+AE7+H7,2)) -> 20.765738 | AH7: =SQRT(POWER((AE7+Q7+G7),2)+POWER(P7,2))*POWER(6.3/Z7,2) -> 0.57982288 | AI7: =SQRT(POWER((H7+Q7+AE7),2)+POWER(P7,2))*POWER(6.3/Z7,2) -> 0.67280993 | AJ7: =37000/1.73/SQRT(POWER((G7+Q7+AE7),2)+P7*P7) -> 1195.1029 | AK7: =37000/2/SQRT(POWER((H7+Q7+AE7),2)+P7*P7) -> 890.89054 | AL7: =AK7/1.2 -> 742.40879 | AM7: =AK7/1.5 -> 593.92703 | AN7: =6300/(1.73*AH7) -> 6280.5706 | AO7: =SUM(6300/(2*AI7)) -> 4681.8572
A8: 1 | D8: 5.6 | E8: Н | F8: Кирьяновская | G8: 2.55 | H8: 5.42 | J8: 0.35 | P8: =0.314*I8+0.249*J8+0.195*M8+0.159*N8+0.06*O8 -> 0.08715 | Q8: =0.4*SUM(I8:O8) -> 0.14 | R8: =SQRT(POWER(P8,2)+POWER(Q8+G8,2)) -> 2.6914114 | S8: =SQRT(POWER(P8,2)+POWER(Q8+H8,2)) -> 5.560683 | T8: =37000/1.73/SQRT(POWER((G8+Q8),2)+P8*P8) -> 7946.4936 | U8: =37000/2/SQRT(P8*P8+POWER((H8+Q8),2)) -> 3326.9295 | V8: 2 | W8: ТМН 6300/35 | X8: 6.3 | Y8: 11 | Z8: 35 | AA8: 6.3 | AB8: 7.94 | AC8: 103,9/577,3 | AE8: =AB8/100*Z8*Z8/X8 -> 15.438889 | AF8: =SQRT(POWER(P8,2)+POWER(Q8+AE8+G8,2)) -> 18.129098 | AG8: =SQRT(POWER(P8,2)+POWER(Q8+AE8+H8,2)) -> 20.99907 | AH8: =SQRT(POWER((AE8+Q8+G8),2)+POWER(P8,2))*POWER(6.3/Z8,2) -> 0.58738279 | AI8: =SQRT(POWER((H8+Q8+AE8),2)+POWER(P8,2))*POWER(6.3/Z8,2) -> 0.68036986 | AJ8: =37000/1.73/SQRT(POWER((G8+Q8+AE8),2)+P8*P8) -> 1179.7213 | AK8: =37000/2/SQRT(POWER((H8+Q8+AE8),2)+P8*P8) -> 880.99141 | AL8: =AK8/1.2 -> 734.15951 | AM8: =AK8/1.5 -> 587.3276 | AN8: =6300/(1.73*AH8) -> 6199.7365 | AO8: =SUM(6300/(2*AI8)) -> 4629.8347
A9: 1 | B9: КНС-5В | C9: К-47 | D9: 4.6 | E9: Н | F9: Ватинская | G9: 4.13 | H9: 6.96 | J9: 8.2 | P9: =0.314*I9+0.249*J9+0.195*M9+0.159*N9+0.06*O9 -> 2.0418 | Q9: =0.4*SUM(I9:O9) -> 3.28 | R9: =SQRT(POWER(P9,2)+POWER(Q9+G9,2)) -> 7.6861595 | S9: =SQRT(POWER(P9,2)+POWER(Q9+H9,2)) -> 10.441578 | T9: =37000/1.73/SQRT(POWER((G9+Q9),2)+P9*P9) -> 2782.5708 | U9: =37000/2/SQRT(P9*P9+POWER((H9+Q9),2)) -> 1771.7629 | V9: 1 | W9: ТМН 6300/35 | X9: 6.3 | Y9: 11 | Z9: 35 | AA9: 6.3 | AB9: 7.94 | AC9: 103,9/577,3 | AD9: 5 | AE9: =AB9/100*Z9*Z9/X9 -> 15.438889 | AF9: =SQRT(POWER(P9,2)+POWER(Q9+AE9+G9,2)) -> 22.939936 | AG9: =SQRT(POWER(P9,2)+POWER(Q9+AE9+H9,2)) -> 25.759936 | AH9: =SQRT(POWER((AE9+Q9+G9),2)+POWER(P9,2))*POWER(6.3/Z9,2) -> 0.74325393 | AI9: =SQRT(POWER((H9+Q9+AE9),2)+POWER(P9,2))*POWER(6.3/Z9,2) -> 0.83462191 | AJ9: =37000/1.73/SQRT(POWER((G9+Q9+AE9),2)+P9*P9) -> 932.3166 | AK9: =37000/2/SQRT(POWER((H9+Q9+AE9),2)+P9*P9) -> 718.1695 | AL9: =AK9/1.2 -> 598.47458 | AM9: =AK9/1.5 -> 478.77966 | AN9: =6300/(1.73*AH9) -> 4899.5617 | AO9: =SUM(6300/(2*AI9)) -> 3774.164
A10: 1 | D10: 4.6 | E10: Н | F10: Ватинская | G10: 4.13 | H10: 6.96 | J10: 8.2 | P10: =0.314*I10+0.249*J10+0.195*M10+0.159*N10+0.06*O10 -> 2.0418 | Q10: =0.4*SUM(I10:O10) -> 3.28 | R10: =SQRT(POWER(P10,2)+POWER(Q10+G10,2)) -> 7.6861595 | S10: =SQRT(POWER(P10,2)+POWER(Q10+H10,2)) -> 10.441578 | T10: =37000/1.73/SQRT(POWER((G10+Q10),2)+P10*P10) -> 2782.5708 | U10: =37000/2/SQRT(P10*P10+POWER((H10+Q10),2)) -> 1771.7629 | V10: 2 | W10: ТМН 6300/35 | X10: 6.3 | Y10: 11 | Z10: 35 | AA10: 6.3 | AB10: 7.96 | AC10: 103,9/577,3 | AD10: 5 | AE10: =AB10/100*Z10*Z10/X10 -> 15.477778 | AF10: =SQRT(POWER(P10,2)+POWER(Q10+AE10+G10,2)) -> 22.978671 | AG10: =SQRT(POWER(P10,2)+POWER(Q10+AE10+H10,2)) -> 25.798702 | AH10: =SQRT(POWER((AE10+Q10+G10),2)+POWER(P10,2))*POWER(6.3/Z10,2) -> 0.74450894 | AI10: =SQRT(POWER((H10+Q10+AE10),2)+POWER(P10,2))*POWER(6.3/Z10,2) -> 0.83587795 | AJ10: =37000/1.73/SQRT(POWER((G10+Q10+AE10),2)+P10*P10) -> 930.74501 | AK10: =37000/2/SQRT(POWER((H10+Q10+AE10),2)+P10*P10) -> 717.09033 | AL10: =AK10/1.2 -> 597.57528 | AM10: =AK10/1.5 -> 478.06022 | AN10: =6300/(1.73*AH10) -> 4891.3026 | AO10: =SUM(6300/(2*AI10)) -> 3768.4927
A11: 1 | B11: КНС-8В | C11: К-47 | D11: 5.6 | E11: Н | F11: Кирьяновская | G11: 2.55 | H11: 5.42 | J11: 4 | P11: =0.314*I11+0.249*J11+0.195*M11+0.159*N11+0.06*O11 -> 0.996 | Q11: =0.4*SUM(I11:O11) -> 1.6 | R11: =SQRT(POWER(P11,2)+POWER(Q11+G11,2)) -> 4.2678468 | S11: =SQRT(POWER(P11,2)+POWER(Q11+H11,2)) -> 7.0903044 | T11: =37000/1.73/SQRT(POWER((G11+Q11),2)+P11*P11) -> 5011.2585 | U11: =37000/2/SQRT(P11*P11+POWER((H11+Q11),2)) -> 2609.1969 | V11: 1 | W11: ТМН 6300/35 | X11: 6.3 | Y11: 11 | Z11: 35 | AA11: 6.3 | AB11: 7.41 | AC11: 104/577 | AD11: 12 | AE11: =AB11/100*Z11*Z11/X11 -> 14.408333 | AF11: =SQRT(POWER(P11,2)+POWER(Q11+AE11+G11,2)) -> 18.585041 | AG11: =SQRT(POWER(P11,2)+POWER(Q11+AE11+H11,2)) -> 21.451468 | AH11: =SQRT(POWER((AE11+Q11+G11),2)+POWER(P11,2))*POWER(6.3/Z11,2) -> 0.60215533 | AI11: =SQRT(POWER((H11+Q11+AE11),2)+POWER(P11,2))*POWER(6.3/Z11,2) -> 0.69502757 | AJ11: =37000/1.73/SQRT(POWER((G11+Q11+AE11),2)+P11*P11) -> 1150.7794 | AK11: =37000/2/SQRT(POWER((H11+Q11+AE11),2)+P11*P11) -> 862.41183 | AL11: =AK11/1.2 -> 718.67653 | AM11: =AK11/1.5 -> 574.94122 | AN11: =6300/(1.73*AH11) -> 6047.6397 | AO11: =SUM(6300/(2*AI11)) -> 4532.1943
A12: 1 | D12: 5.6 | E12: Н | F12: Кирьяновская | G12: 2.55 | H12: 5.42 | J12: 4 | P12: =0.314*I12+0.249*J12+0.195*M12+0.159*N12+0.06*O12 -> 0.996 | Q12: =0.4*SUM(I12:O12) -> 1.6 | R12: =SQRT(POWER(P12,2)+POWER(Q12+G12,2)) -> 4.2678468 | S12: =SQRT(POWER(P12,2)+POWER(Q12+H12,2)) -> 7.0903044 | T12: =37000/1.73/SQRT(POWER((G12+Q12),2)+P12*P12) -> 5011.2585 | U12: =37000/2/SQRT(P12*P12+POWER((H12+Q12),2)) -> 2609.1969 | V12: 2 | W12: ТМН 6300/35 | X12: 6.3 | Y12: 11 | Z12: 35 | AA12: 6.3 | AB12: 7.43 | AC12: 104/577 | AD12: 12 | AE12: =AB12/100*Z12*Z12/X12 -> 14.447222 | AF12: =SQRT(POWER(P12,2)+POWER(Q12+AE12+G12,2)) -> 18.623874 | AG12: =SQRT(POWER(P12,2)+POWER(Q12+AE12+H12,2)) -> 21.490315 | AH12: =SQRT(POWER((AE12+Q12+G12),2)+POWER(P12,2))*POWER(6.3/Z12,2) -> 0.60341352 | AI12: =SQRT(POWER((H12+Q12+AE12),2)+POWER(P12,2))*POWER(6.3/Z12,2) -> 0.69628621 | AJ12: =37000/1.73/SQRT(POWER((G12+Q12+AE12),2)+P12*P12) -> 1148.3799 | AK12: =37000/2/SQRT(POWER((H12+Q12+AE12),2)+P12*P12) -> 860.85289 | AL12: =AK12/1.2 -> 717.37741 | AM12: =AK12/1.5 -> 573.90193 | AN12: =6300/(1.73*AH12) -> 6035.0296 | AO12: =SUM(6300/(2*AI12)) -> 4524.0017
A13: 1 | B13: Куст-47 новая | C13: АльянсЭлектро | D13: 4.6 | E13: Н | F13: Ватинская | G13: 4.13 | H13: 6.96 | J13: 8.1 | P13: =0.314*I13+0.249*J13+0.195*M13+0.159*N13+0.06*O13 -> 2.0169 | Q13: =0.4*SUM(I13:O13) -> 3.24 | R13: =SQRT(POWER(P13,2)+POWER(Q13+G13,2)) -> 7.6409938 | S13: =SQRT(POWER(P13,2)+POWER(Q13+H13,2)) -> 10.397494 | T13: =37000/1.73/SQRT(POWER((G13+Q13),2)+P13*P13) -> 2799.0185 | U13: =37000/2/SQRT(P13*P13+POWER((H13+Q13),2)) -> 1779.2749 | V13: 1 | W13: 6300/35 | X13: 6.3 | Y13: 11 | Z13: 35 | AA13: 6.3 | AB13: 7.92 | AC13: 66/367 | AD13: 5 | AE13: =AB13/100*Z13*Z13/X13 -> 15.4 | AF13: =SQRT(POWER(P13,2)+POWER(Q13+AE13+G13,2)) -> 22.859151 | AG13: =SQRT(POWER(P13,2)+POWER(Q13+AE13+H13,2)) -> 25.679328 | AH13: =SQRT(POWER((AE13+Q13+G13),2)+POWER(P13,2))*POWER(6.3/Z13,2) -> 0.74063649 | AI13: =SQRT(POWER((H13+Q13+AE13),2)+POWER(P13,2))*POWER(6.3/Z13,2) -> 0.83201023 | AJ13: =37000/1.73/SQRT(POWER((G13+Q13+AE13),2)+P13*P13) -> 935.61144 | AK13: =37000/2/SQRT(POWER((H13+Q13+AE13),2)+P13*P13) -> 720.42384 | AL13: =AK13/1.2 -> 600.3532 | AM13: =AK13/1.5 -> 480.28256 | AN13: =6300/(1.73*AH13) -> 4916.8769 | AO13: =SUM(6300/(2*AI13)) -> 3786.0112
A14: 1 | D14: 4.6 | E14: Н | F14: Ватинская | G14: 4.13 | H14: 6.96 | J14: 8.1 | P14: =0.314*I14+0.249*J14+0.195*M14+0.159*N14+0.06*O14 -> 2.0169 | Q14: =0.4*SUM(I14:O14) -> 3.24 | R14: =SQRT(POWER(P14,2)+POWER(Q14+G14,2)) -> 7.6409938 | S14: =SQRT(POWER(P14,2)+POWER(Q14+H14,2)) -> 10.397494 | T14: =37000/1.73/SQRT(POWER((G14+Q14),2)+P14*P14) -> 2799.0185 | U14: =37000/2/SQRT(P14*P14+POWER((H14+Q14),2)) -> 1779.2749 | V14: 2 | W14: 6300/35 | X14: 6.3 | Y14: 11 | Z14: 35 | AA14: 6.3 | AB14: 8.1 | AC14: 66/367 | AD14: 5 | AE14: =AB14/100*Z14*Z14/X14 -> 15.75 | AF14: =SQRT(POWER(P14,2)+POWER(Q14+AE14+G14,2)) -> 23.207807 | AG14: =SQRT(POWER(P14,2)+POWER(Q14+AE14+H14,2)) -> 26.028261 | AH14: =SQRT(POWER((AE14+Q14+G14),2)+POWER(P14,2))*POWER(6.3/Z14,2) -> 0.75193293 | AI14: =SQRT(POWER((H14+Q14+AE14),2)+POWER(P14,2))*POWER(6.3/Z14,2) -> 0.84331567 | AJ14: =37000/1.73/SQRT(POWER((G14+Q14+AE14),2)+P14*P14) -> 921.55556 | AK14: =37000/2/SQRT(POWER((H14+Q14+AE14),2)+P14*P14) -> 710.76588 | AL14: =AK14/1.2 -> 592.3049 | AM14: =AK14/1.5 -> 473.84392 | AN14: =6300/(1.73*AH14) -> 4843.0097 | AO14: =SUM(6300/(2*AI14)) -> 3735.2561
A15: 1 | B15: Куст-53 | C15: К-59 | D15: 1.2 | E15: Н | F15: Мартыновская | G15: =121.5/1.73/14.327 -> 4.9020181 | H15: =121.5/(2*11.492) -> 5.2862861 | J15: 6.21 | P15: =0.314*I15+0.249*J15+0.195*M15+0.159*N15+0.06*O15 -> 1.54629 | Q15: =0.4*SUM(I15:O15) -> 2.484 | R15: =SQRT(POWER(P15,2)+POWER(Q15+G15,2)) -> 7.5461432 | S15: =SQRT(POWER(P15,2)+POWER(Q15+H15,2)) -> 7.9226485 | T15: =37000/1.73/SQRT(POWER((G15+Q15),2)+P15*P15) -> 2834.2006 | U15: =37000/2/SQRT(P15*P15+POWER((H15+Q15),2)) -> 2335.0777 | V15: 1 | W15: ТМН 6300/35 | X15: 6.3 | Y15: 11 | Z15: 35 | AA15: 6.3 | AB15: 8.01 | AC15: 103,9/577,3 | AE15: =AB15/100*Z15*Z15/X15 -> 15.575 | AF15: =SQRT(POWER(P15,2)+POWER(Q15+AE15+G15,2)) -> 23.013026 | AG15: =SQRT(POWER(P15,2)+POWER(Q15+AE15+H15,2)) -> 23.39644 | AH15: =SQRT(POWER((AE15+Q15+G15),2)+POWER(P15,2))*POWER(6.3/Z15,2) -> 0.74562204 | AI15: =SQRT(POWER((H15+Q15+AE15),2)+POWER(P15,2))*POWER(6.3/Z15,2) -> 0.75804465 | AJ15: =37000/1.73/SQRT(POWER((G15+Q15+AE15),2)+P15*P15) -> 929.35554 | AK15: =37000/2/SQRT(POWER((H15+Q15+AE15),2)+P15*P15) -> 790.71859 | AL15: =AK15/1.2 -> 658.93216 | AM15: =AK15/1.5 -> 527.14573 | AN15: =6300/(1.73*AH15) -> 4884.0006 | AO15: =SUM(6300/(2*AI15)) -> 4155.428
A16: 1 | D16: 1.2 | E16: Н | F16: Мартыновская | G16: =121.5/1.73/14.338 -> 4.8982573 | H16: =121.5/(2*11.613) -> 5.2312064 | J16: 6.21 | P16: =0.314*I16+0.249*J16+0.195*M16+0.159*N16+0.06*O16 -> 1.54629 | Q16: =0.4*SUM(I16:O16) -> 2.484 | R16: =SQRT(POWER(P16,2)+POWER(Q16+G16,2)) -> 7.5424622 | S16: =SQRT(POWER(P16,2)+POWER(Q16+H16,2)) -> 7.8686354 | T16: =37000/1.73/SQRT(POWER((G16+Q16),2)+P16*P16) -> 2835.5837 | U16: =37000/2/SQRT(P16*P16+POWER((H16+Q16),2)) -> 2351.1065 | V16: 2 | W16: ТМН 6300/35 | X16: 6.3 | Y16: 11 | Z16: 35 | AA16: 6.3 | AB16: 8.01 | AC16: 103,9/577,3 | AE16: =AB16/100*Z16*Z16/X16 -> 15.575 | AF16: =SQRT(POWER(P16,2)+POWER(Q16+AE16+G16,2)) -> 23.009274 | AG16: =SQRT(POWER(P16,2)+POWER(Q16+AE16+H16,2)) -> 23.341481 | AH16: =SQRT(POWER((AE16+Q16+G16),2)+POWER(P16,2))*POWER(6.3/Z16,2) -> 0.74550047 | AI16: =SQRT(POWER((H16+Q16+AE16),2)+POWER(P16,2))*POWER(6.3/Z16,2) -> 0.75626398 | AJ16: =37000/1.73/SQRT(POWER((G16+Q16+AE16),2)+P16*P16) -> 929.5071 | AK16: =37000/2/SQRT(POWER((H16+Q16+AE16),2)+P16*P16) -> 792.58039 | AL16: =AK16/1.2 -> 660.48366 | AM16: =AK16/1.5 -> 528.38693 | AN16: =6300/(1.73*AH16) -> 4884.7971 | AO16: =SUM(6300/(2*AI16)) -> 4165.2123
A17: 1 | B17: Куст-120 | C17: ST-7 | D17: 4.6 | E17: Н | F17: Ватинская | G17: 4.13 | H17: 6.96 | J17: 12.9 | P17: =0.314*I17+0.249*J17+0.195*M17+0.159*N17+0.06*O17 -> 3.2121 | Q17: =0.4*SUM(I17:O17) -> 5.16 | R17: =SQRT(POWER(P17,2)+POWER(Q17+G17,2)) -> 9.8296331 | S17: =SQRT(POWER(P17,2)+POWER(Q17+H17,2)) -> 12.53842 | T17: =37000/1.73/SQRT(POWER((G17+Q17),2)+P17*P17) -> 2175.7967 | U17: =37000/2/SQRT(P17*P17+POWER((H17+Q17),2)) -> 1475.465 | V17: 1 | W17: TONb 4000/35 | X17: 4 | Y17: 11 | Z17: 35 | AA17: 6.3 | AB17: 6.23 | AC17: 66/367 | AD17: 5 | AE17: =AB17/100*Z17*Z17/X17 -> 19.079375 | AF17: =SQRT(POWER(P17,2)+POWER(Q17+AE17+G17,2)) -> 28.55064 | AG17: =SQRT(POWER(P17,2)+POWER(Q17+AE17+H17,2)) -> 31.364288 | AH17: =SQRT(POWER((AE17+Q17+G17),2)+POWER(P17,2))*POWER(6.3/Z17,2) -> 0.92504072 | AI17: =SQRT(POWER((H17+Q17+AE17),2)+POWER(P17,2))*POWER(6.3/Z17,2) -> 1.0162029 | AJ17: =37000/1.73/SQRT(POWER((G17+Q17+AE17),2)+P17*P17) -> 749.09997 | AK17: =37000/2/SQRT(POWER((H17+Q17+AE17),2)+P17*P17) -> 589.84281 | AL17: =AK17/1.2 -> 491.53567 | AM17: =AK17/1.5 -> 393.22854 | AN17: =6300/(1.73*AH17) -> 3936.7115 | AO17: =SUM(6300/(2*AI17)) -> 3099.7745
A18: 1 | D18: 4.6 | E18: Н | F18: Ватинская | G18: 4.13 | H18: 6.96 | J18: 12.9 | P18: =0.314*I18+0.249*J18+0.195*M18+0.159*N18+0.06*O18 -> 3.2121 | Q18: =0.4*SUM(I18:O18) -> 5.16 | R18: =SQRT(POWER(P18,2)+POWER(Q18+G18,2)) -> 9.8296331 | S18: =SQRT(POWER(P18,2)+POWER(Q18+H18,2)) -> 12.53842 | T18: =37000/1.73/SQRT(POWER((G18+Q18),2)+P18*P18) -> 2175.7967 | U18: =37000/2/SQRT(P18*P18+POWER((H18+Q18),2)) -> 1475.465 | V18: 2 | W18: TONb 4000/35 | X18: 4 | Y18: 11 | Z18: 35 | AA18: 6.3 | AB18: 6.23 | AC18: 66/367 | AD18: 5 | AE18: =AB18/100*Z18*Z18/X18 -> 19.079375 | AF18: =SQRT(POWER(P18,2)+POWER(Q18+AE18+G18,2)) -> 28.55064 | AG18: =SQRT(POWER(P18,2)+POWER(Q18+AE18+H18,2)) -> 31.364288 | AH18: =SQRT(POWER((AE18+Q18+G18),2)+POWER(P18,2))*POWER(6.3/Z18,2) -> 0.92504072 | AI18: =SQRT(POWER((H18+Q18+AE18),2)+POWER(P18,2))*POWER(6.3/Z18,2) -> 1.0162029 | AJ18: =37000/1.73/SQRT(POWER((G18+Q18+AE18),2)+P18*P18) -> 749.09997 | AK18: =37000/2/SQRT(POWER((H18+Q18+AE18),2)+P18*P18) -> 589.84281 | AL18: =AK18/1.2 -> 491.53567 | AM18: =AK18/1.5 -> 393.22854 | AN18: =6300/(1.73*AH18) -> 3936.7115 | AO18: =SUM(6300/(2*AI18)) -> 3099.7745
A19: 1 | B19: Куст-211 | C19: ST-7 | D19: 4.6 | E19: Н | F19: Ватинская | G19: 4.13 | H19: 6.96 | J19: 20.4 | P19: =0.314*I19+0.249*J19+0.195*M19+0.159*N19+0.06*O19 -> 5.0796 | Q19: =0.4*SUM(I19:O19) -> 8.16 | R19: =SQRT(POWER(P19,2)+POWER(Q19+G19,2)) -> 13.298362 | S19: =SQRT(POWER(P19,2)+POWER(Q19+H19,2)) -> 15.950446 | T19: =37000/1.73/SQRT(POWER((G19+Q19),2)+P19*P19) -> 1608.2645 | U19: =37000/2/SQRT(P19*P19+POWER((H19+Q19),2)) -> 1159.8422 | V19: 1 | W19: ТМН 6300/35 | X19: 6.3 | Y19: 11 | Z19: 35 | AA19: 6.3 | AB19: 7.66 | AC19: 103,9/577,3 | AD19: 5 | AE19: =AB19/100*Z19*Z19/X19 -> 14.894444 | AF19: =SQRT(POWER(P19,2)+POWER(Q19+AE19+G19,2)) -> 27.654952 | AG19: =SQRT(POWER(P19,2)+POWER(Q19+AE19+H19,2)) -> 30.441242 | AH19: =SQRT(POWER((AE19+Q19+G19),2)+POWER(P19,2))*POWER(6.3/Z19,2) -> 0.89602044 | AI19: =SQRT(POWER((H19+Q19+AE19),2)+POWER(P19,2))*POWER(6.3/Z19,2) -> 0.98629624 | AJ19: =37000/1.73/SQRT(POWER((G19+Q19+AE19),2)+P19*P19) -> 773.3618 | AK19: =37000/2/SQRT(POWER((H19+Q19+AE19),2)+P19*P19) -> 607.72816 | AL19: =AK19/1.2 -> 506.44013 | AM19: =AK19/1.5 -> 405.15211 | AN19: =6300/(1.73*AH19) -> 4064.2137 | AO19: =SUM(6300/(2*AI19)) -> 3193.7666
A20: 1 | D20: 4.6 | E20: Н | F20: Ватинская | G20: 4.13 | H20: 6.96 | J20: 20.4 | P20: =0.314*I20+0.249*J20+0.195*M20+0.159*N20+0.06*O20 -> 5.0796 | Q20: =0.4*SUM(I20:O20) -> 8.16 | R20: =SQRT(POWER(P20,2)+POWER(Q20+G20,2)) -> 13.298362 | S20: =SQRT(POWER(P20,2)+POWER(Q20+H20,2)) -> 15.950446 | T20: =37000/1.73/SQRT(POWER((G20+Q20),2)+P20*P20) -> 1608.2645 | U20: =37000/2/SQRT(P20*P20+POWER((H20+Q20),2)) -> 1159.8422 | V20: 2 | W20: ТМН 6300/35 | X20: 6.3 | Y20: 11 | Z20: 35 | AA20: 6.3 | AB20: 7.61 | AC20: 103,9/577,3 | AD20: 5 | AE20: =AB20/100*Z20*Z20/X20 -> 14.797222 | AF20: =SQRT(POWER(P20,2)+POWER(Q20+AE20+G20,2)) -> 27.559389 | AG20: =SQRT(POWER(P20,2)+POWER(Q20+AE20+H20,2)) -> 30.345387 | AH20: =SQRT(POWER((AE20+Q20+G20),2)+POWER(P20,2))*POWER(6.3/Z20,2) -> 0.89292422 | AI20: =SQRT(POWER((H20+Q20+AE20),2)+POWER(P20,2))*POWER(6.3/Z20,2) -> 0.98319054 | AJ20: =37000/1.73/SQRT(POWER((G20+Q20+AE20),2)+P20*P20) -> 776.04344 | AK20: =37000/2/SQRT(POWER((H20+Q20+AE20),2)+P20*P20) -> 609.64785 | AL20: =AK20/1.2 -> 508.03987 | AM20: =AK20/1.5 -> 406.4319 | AN20: =6300/(1.73*AH20) -> 4078.3063 | AO20: =SUM(6300/(2*AI20)) -> 3203.8551
A21: 1 | B21: КРС | C21: ST-7 | D21: 3.4 | E21: Н | F21: Кирьяновская | G21: 2.55 | H21: 5.42 | I21: 5.3 | P21: =0.314*I21+0.249*J21+0.195*M21+0.159*N21+0.06*O21 -> 1.6642 | Q21: =0.4*SUM(I21:O21) -> 2.12 | R21: =SQRT(POWER(P21,2)+POWER(Q21+G21,2)) -> 4.957667 | S21: =SQRT(POWER(P21,2)+POWER(Q21+H21,2)) -> 7.7214741 | T21: =37000/1.73/SQRT(POWER((G21+Q21),2)+P21*P21) -> 4313.9814 | U21: =37000/2/SQRT(P21*P21+POWER((H21+Q21),2)) -> 2395.9156 | V21: 1 | W21: ТМН 4000/35 | X21: 4 | Y21: 11 | Z21: 35 | AA21: 6.3 | AB21: 7.2 | AC21: 66/367 | AE21: =AB21/100*Z21*Z21/X21 -> 22.05 | AF21: =SQRT(POWER(P21,2)+POWER(Q21+AE21+G21,2)) -> 26.771775 | AG21: =SQRT(POWER(P21,2)+POWER(Q21+AE21+H21,2)) -> 29.636762 | AH21: =SQRT(POWER((AE21+Q21+G21),2)+POWER(P21,2))*POWER(6.3/Z21,2) -> 0.86740553 | AI21: =SQRT(POWER((H21+Q21+AE21),2)+POWER(P21,2))*POWER(6.3/Z21,2) -> 0.96023109 | AJ21: =37000/1.73/SQRT(POWER((G21+Q21+AE21),2)+P21*P21) -> 798.87429 | AK21: =37000/2/SQRT(POWER((H21+Q21+AE21),2)+P21*P21) -> 624.22474 | AL21: =AK21/1.2 -> 520.18728 | AM21: =AK21/1.5 -> 416.14983 | AN21: =6300/(1.73*AH21) -> 4198.2883 | AO21: =SUM(6300/(2*AI21)) -> 3280.4603
A22: 1 | D22: 3.4 | E22: Н | F22: Кирьяновская | G22: 2.55 | H22: 5.42 | I22: 5.3 | P22: =0.314*I22+0.249*J22+0.195*M22+0.159*N22+0.06*O22 -> 1.6642 | Q22: =0.4*SUM(I22:O22) -> 2.12 | R22: =SQRT(POWER(P22,2)+POWER(Q22+G22,2)) -> 4.957667 | S22: =SQRT(POWER(P22,2)+POWER(Q22+H22,2)) -> 7.7214741 | T22: =37000/1.73/SQRT(POWER((G22+Q22),2)+P22*P22) -> 4313.9814 | U22: =37000/2/SQRT(P22*P22+POWER((H22+Q22),2)) -> 2395.9156 | V22: 2 | W22: ТМН 4000/35 | X22: 4 | Y22: 11 | Z22: 35 | AA22: 6.3 | AB22: 7.2 | AC22: 66/367 | AE22: =AB22/100*Z22*Z22/X22 -> 22.05 | AF22: =SQRT(POWER(P22,2)+POWER(Q22+AE22+G22,2)) -> 26.771775 | AG22: =SQRT(POWER(P22,2)+POWER(Q22+AE22+H22,2)) -> 29.636762 | AH22: =SQRT(POWER((AE22+Q22+G22),2)+POWER(P22,2))*POWER(6.3/Z22,2) -> 0.86740553 | AI22: =SQRT(POWER((H22+Q22+AE22),2)+POWER(P22,2))*POWER(6.3/Z22,2) -> 0.96023109 | AJ22: =37000/1.73/SQRT(POWER((G22+Q22+AE22),2)+P22*P22) -> 798.87429 | AK22: =37000/2/SQRT(POWER((H22+Q22+AE22),2)+P22*P22) -> 624.22474 | AL22: =AK22/1.2 -> 520.18728 | AM22: =AK22/1.5 -> 416.14983 | AN22: =6300/(1.73*AH22) -> 4198.2883 | AO22: =SUM(6300/(2*AI22)) -> 3280.4603
A23: 1 | B23: Куст-220 | C23: К-63 | D23: 5.6 | E23: Н | F23: Кирьяновская | G23: 2.55 | H23: 5.42 | J23: 10.92 | K23: 0.08 | P23: =0.314*I23+0.249*J23+0.37*K23+0.195*M23+0.159*N23+0.06*O23 -> 2.74868 | Q23: =0.4*I23+0.4*J23+0.083*K23+0.4*M23+0.4*N23+0.4*O23 -> 4.37464 | R23: =SQRT(POWER(P23,2)+POWER(Q23+G23,2)) -> 7.4502269 | S23: =SQRT(POWER(P23,2)+POWER(Q23+H23,2)) -> 10.173014 | T23: =37000/1.73/SQRT(POWER((G23+Q23),2)+P23*P23) -> 2870.6888 | U23: =37000/2/SQRT(P23*P23+POWER((H23+Q23),2)) -> 1818.5368 | V23: 1 | W23: TМН-4000/35-73 | X23: 4 | Y23: 11 | Z23: 35 | AA23: 6.3 | AB23: 7.6 | AC23: 66/367 | AD23: 10 | AE23: =AB23/100*Z23*Z23/X23 -> 23.275 | AF23: =SQRT(POWER(P23,2)+POWER(Q23+AE23+G23,2)) -> 30.32447 | AG23: =SQRT(POWER(P23,2)+POWER(Q23+AE23+H23,2)) -> 33.183676 | AH23: =SQRT(POWER((AE23+Q23+G23),2)+POWER(P23,2))*POWER(6.3/Z23,2) -> 0.98251284 | AI23: =SQRT(POWER((H23+Q23+AE23),2)+POWER(P23,2))*POWER(6.3/Z23,2) -> 1.0751511 | AJ23: =37000/1.73/SQRT(POWER((G23+Q23+AE23),2)+P23*P23) -> 705.28135 | AK23: =37000/2/SQRT(POWER((H23+Q23+AE23),2)+P23*P23) -> 557.50304 | AL23: =AK23/1.2 -> 464.58586 | AM23: =AK23/1.5 -> 371.66869 | AN23: =6300/(1.73*AH23) -> 3706.4335 | AO23: =SUM(6300/(2*AI23)) -> 2929.8208
A24: 1 | D24: 5.6 | E24: Н | F24: Кирьяновская | G24: 2.55 | H24: 5.42 | J24: 10.92 | K24: 0.08 | P24: =0.314*I24+0.249*J24+0.37*K24+0.195*M24+0.159*N24+0.06*O24 -> 2.74868 | Q24: =0.4*I24+0.4*J24+0.083*K24+0.4*M24+0.4*N24+0.4*O24 -> 4.37464 | R24: =SQRT(POWER(P24,2)+POWER(Q24+G24,2)) -> 7.4502269 | S24: =SQRT(POWER(P24,2)+POWER(Q24+H24,2)) -> 10.173014 | T24: =37000/1.73/SQRT(POWER((G24+Q24),2)+P24*P24) -> 2870.6888 | U24: =37000/2/SQRT(P24*P24+POWER((H24+Q24),2)) -> 1818.5368 | V24: 2 | W24: TМН-4000/35-73 | X24: 4 | Y24: 11 | Z24: 35 | AA24: 6.3 | AB24: 7.69 | AC24: 66/367 | AD24: 10 | AE24: =AB24/100*Z24*Z24/X24 -> 23.550625 | AF24: =SQRT(POWER(P24,2)+POWER(Q24+AE24+G24,2)) -> 30.598971 | AG24: =SQRT(POWER(P24,2)+POWER(Q24+AE24+H24,2)) -> 33.458361 | AH24: =SQRT(POWER((AE24+Q24+G24),2)+POWER(P24,2))*POWER(6.3/Z24,2) -> 0.99140666 | AI24: =SQRT(POWER((H24+Q24+AE24),2)+POWER(P24,2))*POWER(6.3/Z24,2) -> 1.0840509 | AJ24: =37000/1.73/SQRT(POWER((G24+Q24+AE24),2)+P24*P24) -> 698.95433 | AK24: =37000/2/SQRT(POWER((H24+Q24+AE24),2)+P24*P24) -> 552.92606 | AL24: =AK24/1.2 -> 460.77172 | AM24: =AK24/1.5 -> 368.61738 | AN24: =6300/(1.73*AH24) -> 3673.1834 | AO24: =SUM(6300/(2*AI24)) -> 2905.7676
A25: 1 | B25: ДНС-2В | C25: К-47 | D25: 4.6 | E25: А | F25: Ватинская | G25: 4.13 | H25: 6.96 | J25: 6.1 | P25: =0.314*I25+0.249*J25+0.195*M25+0.159*N25+0.06*O25 -> 1.5189 | Q25: =0.4*SUM(I25:O25) -> 2.44 | R25: =SQRT(POWER(P25,2)+POWER(Q25+G25,2)) -> 6.7432898 | S25: =SQRT(POWER(P25,2)+POWER(Q25+H25,2)) -> 9.5219251 | T25: =37000/1.73/SQRT(POWER((G25+Q25),2)+P25*P25) -> 3171.6393 | U25: =37000/2/SQRT(P25*P25+POWER((H25+Q25),2)) -> 1942.8844 | V25: 1 | W25: TМН-4000/35 | X25: 4 | Y25: 11 | Z25: 35 | AA25: 6.3 | AB25: 7.67 | AC25: 66/367 | AD25: 9 | AE25: =AB25/100*Z25*Z25/X25 -> 23.489375 | AF25: =SQRT(POWER(P25,2)+POWER(Q25+AE25+G25,2)) -> 30.097726 | AG25: =SQRT(POWER(P25,2)+POWER(Q25+AE25+H25,2)) -> 32.924429 | AH25: =SQRT(POWER((AE25+Q25+G25),2)+POWER(P25,2))*POWER(6.3/Z25,2) -> 0.97516631 | AI25: =SQRT(POWER((H25+Q25+AE25),2)+POWER(P25,2))*POWER(6.3/Z25,2) -> 1.0667515 | AJ25: =37000/1.73/SQRT(POWER((G25+Q25+AE25),2)+P25*P25) -> 710.59467 | AK25: =37000/2/SQRT(POWER((H25+Q25+AE25),2)+P25*P25) -> 561.89281 | AL25: =AK25/1.2 -> 468.24401 | AM25: =AK25/1.5 -> 374.5952 | AN25: =6300/(1.73*AH25) -> 3734.3564 | AO25: =SUM(6300/(2*AI25)) -> 2952.8901
A26: 1 | D26: 4.6 | E26: А | F26: Ватинская | G26: 4.13 | H26: 6.96 | J26: 6.1 | P26: =0.314*I26+0.249*J26+0.195*M26+0.159*N26+0.06*O26 -> 1.5189 | Q26: =0.4*SUM(I26:O26) -> 2.44 | R26: =SQRT(POWER(P26,2)+POWER(Q26+G26,2)) -> 6.7432898 | S26: =SQRT(POWER(P26,2)+POWER(Q26+H26,2)) -> 9.5219251 | T26: =37000/1.73/SQRT(POWER((G26+Q26),2)+P26*P26) -> 3171.6393 | U26: =37000/2/SQRT(P26*P26+POWER((H26+Q26),2)) -> 1942.8844 | V26: 2 | W26: TМН-4000/35 | X26: 4 | Y26: 11 | Z26: 35 | AA26: 6.3 | AB26: 7.6 | AC26: 66/367 | AD26: 12 | AE26: =AB26/100*Z26*Z26/X26 -> 23.275 | AF26: =SQRT(POWER(P26,2)+POWER(Q26+AE26+G26,2)) -> 29.883626 | AG26: =SQRT(POWER(P26,2)+POWER(Q26+AE26+H26,2)) -> 32.710284 | AH26: =SQRT(POWER((AE26+Q26+G26),2)+POWER(P26,2))*POWER(6.3/Z26,2) -> 0.96822947 | AI26: =SQRT(POWER((H26+Q26+AE26),2)+POWER(P26,2))*POWER(6.3/Z26,2) -> 1.0598132 | AJ26: =37000/1.73/SQRT(POWER((G26+Q26+AE26),2)+P26*P26) -> 715.68569 | AK26: =37000/2/SQRT(POWER((H26+Q26+AE26),2)+P26*P26) -> 565.57137 | AL26: =AK26/1.2 -> 471.30947 | AM26: =AK26/1.5 -> 377.04758 | AN26: =6300/(1.73*AH26) -> 3761.111 | AO26: =SUM(6300/(2*AI26)) -> 2972.2219
A27: 1 | B27: КНС-4В | C27: К-47 | D27: 4.6 | E27: А | F27: Ватинская | G27: 4.13 | H27: 6.96 | J27: 10.58 | P27: =0.314*I27+0.249*J27+0.195*M27+0.159*N27+0.06*O27 -> 2.63442 | Q27: =0.4*SUM(I27:O27) -> 4.232 | R27: =SQRT(POWER(P27,2)+POWER(Q27+G27,2)) -> 8.7671667 | S27: =SQRT(POWER(P27,2)+POWER(Q27+H27,2)) -> 11.497871 | T27: =37000/1.73/SQRT(POWER((G27+Q27),2)+P27*P27) -> 2439.4749 | U27: =37000/2/SQRT(P27*P27+POWER((H27+Q27),2)) -> 1608.9936 | V27: 1 | W27: ТМН 6300/35 | X27: 6.3 | Y27: 11 | Z27: 35 | AA27: 6.3 | AB27: 7.82 | AC27: 103,9/577,3 | AE27: =AB27/100*Z27*Z27/X27 -> 15.205556 | AF27: =SQRT(POWER(P27,2)+POWER(Q27+AE27+G27,2)) -> 23.714338 | AG27: =SQRT(POWER(P27,2)+POWER(Q27+AE27+H27,2)) -> 26.528685 | AH27: =SQRT(POWER((AE27+Q27+G27),2)+POWER(P27,2))*POWER(6.3/Z27,2) -> 0.76834456 | AI27: =SQRT(POWER((H27+Q27+AE27),2)+POWER(P27,2))*POWER(6.3/Z27,2) -> 0.85952938 | AJ27: =37000/1.73/SQRT(POWER((G27+Q27+AE27),2)+P27*P27) -> 901.87139 | AK27: =37000/2/SQRT(POWER((H27+Q27+AE27),2)+P27*P27) -> 697.35836 | AL27: =AK27/1.2 -> 581.13197 | AM27: =AK27/1.5 -> 464.90557 | AN27: =6300/(1.73*AH27) -> 4739.5643 | AO27: =SUM(6300/(2*AI27)) -> 3664.7962
A28: 1 | D28: 4.6 | E28: А | F28: Ватинская | G28: 4.13 | H28: 6.96 | J28: 10.58 | P28: =0.314*I28+0.249*J28+0.195*M28+0.159*N28+0.06*O28 -> 2.63442 | Q28: =0.4*SUM(I28:O28) -> 4.232 | R28: =SQRT(POWER(P28,2)+POWER(Q28+G28,2)) -> 8.7671667 | S28: =SQRT(POWER(P28,2)+POWER(Q28+H28,2)) -> 11.497871 | T28: =37000/1.73/SQRT(POWER((G28+Q28),2)+P28*P28) -> 2439.4749 | U28: =37000/2/SQRT(P28*P28+POWER((H28+Q28),2)) -> 1608.9936 | V28: 2 | W28: ТМН 6300/35 | X28: 6.3 | Y28: 11 | Z28: 35 | AA28: 6.3 | AB28: 7.94 | AC28: 103,9/577,3 | AE28: =AB28/100*Z28*Z28/X28 -> 15.438889 | AF28: =SQRT(POWER(P28,2)+POWER(Q28+AE28+G28,2)) -> 23.946241 | AG28: =SQRT(POWER(P28,2)+POWER(Q28+AE28+H28,2)) -> 26.760875 | AH28: =SQRT(POWER((AE28+Q28+G28),2)+POWER(P28,2))*POWER(6.3/Z28,2) -> 0.77585822 | AI28: =SQRT(POWER((H28+Q28+AE28),2)+POWER(P28,2))*POWER(6.3/Z28,2) -> 0.86705234 | AJ28: =37000/1.73/SQRT(POWER((G28+Q28+AE28),2)+P28*P28) -> 893.13737 | AK28: =37000/2/SQRT(POWER((H28+Q28+AE28),2)+P28*P28) -> 691.30775 | AL28: =AK28/1.2 -> 576.08979 | AM28: =AK28/1.5 -> 460.87183 | AN28: =6300/(1.73*AH28) -> 4693.6649 | AO28: =SUM(6300/(2*AI28)) -> 3632.9987
A29: 1 | B29: КНС-5В | C29: К-47 | D29: 5.6 | E29: А | F29: Кирьяновская | G29: 2.55 | H29: 5.42 | J29: 10.63 | P29: =0.314*I29+0.249*J29+0.195*M29+0.159*N29+0.06*O29 -> 2.64687 | Q29: =0.4*SUM(I29:O29) -> 4.252 | R29: =SQRT(POWER(P29,2)+POWER(Q29+G29,2)) -> 7.2988441 | S29: =SQRT(POWER(P29,2)+POWER(Q29+H29,2)) -> 10.027637 | T29: =37000/1.73/SQRT(POWER((G29+Q29),2)+P29*P29) -> 2930.2288 | U29: =37000/2/SQRT(P29*P29+POWER((H29+Q29),2)) -> 1844.9012 | V29: 1 | W29: ТМН 6300/35 | X29: 6.3 | Y29: 11 | Z29: 35 | AA29: 6.3 | AB29: 7.94 | AC29: 103,9/577,3 | AD29: 5 | AE29: =AB29/100*Z29*Z29/X29 -> 15.438889 | AF29: =SQRT(POWER(P29,2)+POWER(Q29+AE29+G29,2)) -> 22.397836 | AG29: =SQRT(POWER(P29,2)+POWER(Q29+AE29+H29,2)) -> 25.250003 | AH29: =SQRT(POWER((AE29+Q29+G29),2)+POWER(P29,2))*POWER(6.3/Z29,2) -> 0.72568989 | AI29: =SQRT(POWER((H29+Q29+AE29),2)+POWER(P29,2))*POWER(6.3/Z29,2) -> 0.8181001 | AJ29: =37000/1.73/SQRT(POWER((G29+Q29+AE29),2)+P29*P29) -> 954.88168 | AK29: =37000/2/SQRT(POWER((H29+Q29+AE29),2)+P29*P29) -> 732.67317 | AL29: =AK29/1.2 -> 610.56098 | AM29: =AK29/1.5 -> 488.44878 | AN29: =6300/(1.73*AH29) -> 5018.147 | AO29: =SUM(6300/(2*AI29)) -> 3850.3846
A30: 1 | D30: 5.6 | E30: А | F30: Кирьяновская | G30: 2.55 | H30: 5.42 | J30: 10.63 | P30: =0.314*I30+0.249*J30+0.195*M30+0.159*N30+0.06*O30 -> 2.64687 | Q30: =0.4*SUM(I30:O30) -> 4.252 | R30: =SQRT(POWER(P30,2)+POWER(Q30+G30,2)) -> 7.2988441 | S30: =SQRT(POWER(P30,2)+POWER(Q30+H30,2)) -> 10.027637 | T30: =37000/1.73/SQRT(POWER((G30+Q30),2)+P30*P30) -> 2930.2288 | U30: =37000/2/SQRT(P30*P30+POWER((H30+Q30),2)) -> 1844.9012 | V30: 2 | W30: ТМН 6300/35 | X30: 6.3 | Y30: 11 | Z30: 35 | AA30: 6.3 | AB30: 7.96 | AC30: 103,9/577,3 | AD30: 5 | AE30: =AB30/100*Z30*Z30/X30 -> 15.477778 | AF30: =SQRT(POWER(P30,2)+POWER(Q30+AE30+G30,2)) -> 22.436453 | AG30: =SQRT(POWER(P30,2)+POWER(Q30+AE30+H30,2)) -> 25.288678 | AH30: =SQRT(POWER((AE30+Q30+G30),2)+POWER(P30,2))*POWER(6.3/Z30,2) -> 0.72694107 | AI30: =SQRT(POWER((H30+Q30+AE30),2)+POWER(P30,2))*POWER(6.3/Z30,2) -> 0.81935317 | AJ30: =37000/1.73/SQRT(POWER((G30+Q30+AE30),2)+P30*P30) -> 953.23817 | AK30: =37000/2/SQRT(POWER((H30+Q30+AE30),2)+P30*P30) -> 731.55267 | AL30: =AK30/1.2 -> 609.62722 | AM30: =AK30/1.5 -> 487.70178 | AN30: =6300/(1.73*AH30) -> 5009.5099 | AO30: =SUM(6300/(2*AI30)) -> 3844.496
A31: 1 | B31: КНС-8В | C31: К-47 | D31: 4.6 | E31: А | F31: Ватинская | G31: 4.13 | H31: 6.96 | J31: 6.83 | P31: =0.314*I31+0.249*J31+0.195*M31+0.159*N31+0.06*O31 -> 1.70067 | Q31: =0.4*SUM(I31:O31) -> 2.732 | R31: =SQRT(POWER(P31,2)+POWER(Q31+G31,2)) -> 7.0696055 | S31: =SQRT(POWER(P31,2)+POWER(Q31+H31,2)) -> 9.8400784 | T31: =37000/1.73/SQRT(POWER((G31+Q31),2)+P31*P31) -> 3025.2442 | U31: =37000/2/SQRT(P31*P31+POWER((H31+Q31),2)) -> 1880.0663 | V31: 1 | W31: ТМН 6300/35 | X31: 6.3 | Y31: 11 | Z31: 35 | AA31: 6.3 | AB31: 7.41 | AC31: 103,9/577,3 | AD31: 12 | AE31: =AB31/100*Z31*Z31/X31 -> 14.408333 | AF31: =SQRT(POWER(P31,2)+POWER(Q31+AE31+G31,2)) -> 21.338214 | AG31: =SQRT(POWER(P31,2)+POWER(Q31+AE31+H31,2)) -> 24.160264 | AH31: =SQRT(POWER((AE31+Q31+G31),2)+POWER(P31,2))*POWER(6.3/Z31,2) -> 0.69135812 | AI31: =SQRT(POWER((H31+Q31+AE31),2)+POWER(P31,2))*POWER(6.3/Z31,2) -> 0.78279255 | AJ31: =37000/1.73/SQRT(POWER((G31+Q31+AE31),2)+P31*P31) -> 1002.2996 | AK31: =37000/2/SQRT(POWER((H31+Q31+AE31),2)+P31*P31) -> 765.72012 | AL31: =AK31/1.2 -> 638.1001 | AM31: =AK31/1.5 -> 510.48008 | AN31: =6300/(1.73*AH31) -> 5267.3403 | AO31: =SUM(6300/(2*AI31)) -> 4024.0547
A32: 1 | D32: 4.6 | E32: А | F32: Ватинская | G32: 4.13 | H32: 6.96 | J32: 6.83 | P32: =0.314*I32+0.249*J32+0.195*M32+0.159*N32+0.06*O32 -> 1.70067 | Q32: =0.4*SUM(I32:O32) -> 2.732 | R32: =SQRT(POWER(P32,2)+POWER(Q32+G32,2)) -> 7.0696055 | S32: =SQRT(POWER(P32,2)+POWER(Q32+H32,2)) -> 9.8400784 | T32: =37000/1.73/SQRT(POWER((G32+Q32),2)+P32*P32) -> 3025.2442 | U32: =37000/2/SQRT(P32*P32+POWER((H32+Q32),2)) -> 1880.0663 | V32: 2 | W32: ТМН 6300/35 | X32: 6.3 | Y32: 11 | Z32: 35 | AA32: 6.3 | AB32: 7.43 | AC32: 103,9/577,3 | AD32: 12 | AE32: =AB32/100*Z32*Z32/X32 -> 14.447222 | AF32: =SQRT(POWER(P32,2)+POWER(Q32+AE32+G32,2)) -> 21.376979 | AG32: =SQRT(POWER(P32,2)+POWER(Q32+AE32+H32,2)) -> 24.199056 | AH32: =SQRT(POWER((AE32+Q32+G32),2)+POWER(P32,2))*POWER(6.3/Z32,2) -> 0.69261412 | AI32: =SQRT(POWER((H32+Q32+AE32),2)+POWER(P32,2))*POWER(6.3/Z32,2) -> 0.78404943 | AJ32: =37000/1.73/SQRT(POWER((G32+Q32+AE32),2)+P32*P32) -> 1000.482 | AK32: =37000/2/SQRT(POWER((H32+Q32+AE32),2)+P32*P32) -> 764.49262 | AL32: =AK32/1.2 -> 637.07718 | AM32: =AK32/1.5 -> 509.66175 | AN32: =6300/(1.73*AH32) -> 5257.7884 | AO32: =SUM(6300/(2*AI32)) -> 4017.6039
A33: 1 | B33: Куст-47 | C33: ST-7 | D33: 5.6 | E33: А | F33: Кирьяновская | G33: 2.55 | H33: 5.42 | J33: 10.53 | P33: =0.314*I33+0.249*J33+0.195*M33+0.159*N33+0.06*O33 -> 2.62197 | Q33: =0.4*SUM(I33:O33) -> 4.212 | R33: =SQRT(POWER(P33,2)+POWER(Q33+G33,2)) -> 7.2525424 | S33: =SQRT(POWER(P33,2)+POWER(Q33+H33,2)) -> 9.9824922 | T33: =37000/1.73/SQRT(POWER((G33+Q33),2)+P33*P33) -> 2948.936 | U33: =37000/2/SQRT(P33*P33+POWER((H33+Q33),2)) -> 1853.2446 | V33: 1 | W33: TONb 4000/35 | X33: 4 | Y33: 11 | Z33: 35 | AA33: 6.3 | AB33: 6.14 | AC33: 66/367 | AD33: 5 | AE33: =AB33/100*Z33*Z33/X33 -> 18.80375 | AF33: =SQRT(POWER(P33,2)+POWER(Q33+AE33+G33,2)) -> 25.69985 | AG33: =SQRT(POWER(P33,2)+POWER(Q33+AE33+H33,2)) -> 28.556376 | AH33: =SQRT(POWER((AE33+Q33+G33),2)+POWER(P33,2))*POWER(6.3/Z33,2) -> 0.83267515 | AI33: =SQRT(POWER((H33+Q33+AE33),2)+POWER(P33,2))*POWER(6.3/Z33,2) -> 0.92522658 | AJ33: =37000/1.73/SQRT(POWER((G33+Q33+AE33),2)+P33*P33) -> 832.19486 | AK33: =37000/2/SQRT(POWER((H33+Q33+AE33),2)+P33*P33) -> 647.84131 | AL33: =AK33/1.2 -> 539.86776 | AM33: =AK33/1.5 -> 431.89421 | AN33: =6300/(1.73*AH33) -> 4373.3964 | AO33: =SUM(6300/(2*AI33)) -> 3404.5715
A34: 1 | D34: 5.6 | E34: А | F34: Кирьяновская | G34: 2.55 | H34: 5.42 | J34: 10.53 | P34: =0.314*I34+0.249*J34+0.195*M34+0.159*N34+0.06*O34 -> 2.62197 | Q34: =0.4*SUM(I34:O34) -> 4.212 | R34: =SQRT(POWER(P34,2)+POWER(Q34+G34,2)) -> 7.2525424 | S34: =SQRT(POWER(P34,2)+POWER(Q34+H34,2)) -> 9.9824922 | T34: =37000/1.73/SQRT(POWER((G34+Q34),2)+P34*P34) -> 2948.936 | U34: =37000/2/SQRT(P34*P34+POWER((H34+Q34),2)) -> 1853.2446 | V34: 2 | W34: TONb 4000/35 | X34: 4 | Y34: 11 | Z34: 35 | AA34: 6.3 | AB34: 6.26 | AC34: 66/367 | AD34: 5 | AE34: =AB34/100*Z34*Z34/X34 -> 19.17125 | AF34: =SQRT(POWER(P34,2)+POWER(Q34+AE34+G34,2)) -> 26.06546 | AG34: =SQRT(POWER(P34,2)+POWER(Q34+AE34+H34,2)) -> 28.922343 | AH34: =SQRT(POWER((AE34+Q34+G34),2)+POWER(P34,2))*POWER(6.3/Z34,2) -> 0.84452089 | AI34: =SQRT(POWER((H34+Q34+AE34),2)+POWER(P34,2))*POWER(6.3/Z34,2) -> 0.93708392 | AJ34: =37000/1.73/SQRT(POWER((G34+Q34+AE34),2)+P34*P34) -> 820.52201 | AK34: =37000/2/SQRT(POWER((H34+Q34+AE34),2)+P34*P34) -> 639.64389 | AL34: =AK34/1.2 -> 533.03657 | AM34: =AK34/1.5 -> 426.42926 | AN34: =6300/(1.73*AH34) -> 4312.0526 | AO34: =SUM(6300/(2*AI34)) -> 3361.4919
A35: 1 | B35: Куст-47 новая | C35: АльянсЭлектро | D35: 5.6 | E35: А | F35: Кирьяновская | G35: 2.55 | H35: 5.42 | J35: 10.53 | P35: =0.314*I35+0.249*J35+0.195*M35+0.159*N35+0.06*O35 -> 2.62197 | Q35: =0.4*SUM(I35:O35) -> 4.212 | R35: =SQRT(POWER(P35,2)+POWER(Q35+G35,2)) -> 7.2525424 | S35: =SQRT(POWER(P35,2)+POWER(Q35+H35,2)) -> 9.9824922 | T35: =37000/1.73/SQRT(POWER((G35+Q35),2)+P35*P35) -> 2948.936 | U35: =37000/2/SQRT(P35*P35+POWER((H35+Q35),2)) -> 1853.2446 | V35: 1 | W35: 6300/35 | X35: 6.3 | Y35: 11 | Z35: 35 | AA35: 6.3 | AB35: 7.92 | AC35: 66/367 | AD35: 5 | AE35: =AB35/100*Z35*Z35/X35 -> 15.4 | AF35: =SQRT(POWER(P35,2)+POWER(Q35+AE35+G35,2)) -> 22.316563 | AG35: =SQRT(POWER(P35,2)+POWER(Q35+AE35+H35,2)) -> 25.168944 | AH35: =SQRT(POWER((AE35+Q35+G35),2)+POWER(P35,2))*POWER(6.3/Z35,2) -> 0.72305663 | AI35: =SQRT(POWER((H35+Q35+AE35),2)+POWER(P35,2))*POWER(6.3/Z35,2) -> 0.81547379 | AJ35: =37000/1.73/SQRT(POWER((G35+Q35+AE35),2)+P35*P35) -> 958.3592 | AK35: =37000/2/SQRT(POWER((H35+Q35+AE35),2)+P35*P35) -> 735.03282 | AL35: =AK35/1.2 -> 612.52735 | AM35: =AK35/1.5 -> 490.02188 | AN35: =6300/(1.73*AH35) -> 5036.4222 | AO35: =SUM(6300/(2*AI35)) -> 3862.7851
A36: 1 | D36: 5.6 | E36: А | F36: Кирьяновская | G36: 2.55 | H36: 5.42 | J36: 10.53 | P36: =0.314*I36+0.249*J36+0.195*M36+0.159*N36+0.06*O36 -> 2.62197 | Q36: =0.4*SUM(I36:O36) -> 4.212 | R36: =SQRT(POWER(P36,2)+POWER(Q36+G36,2)) -> 7.2525424 | S36: =SQRT(POWER(P36,2)+POWER(Q36+H36,2)) -> 9.9824922 | T36: =37000/1.73/SQRT(POWER((G36+Q36),2)+P36*P36) -> 2948.936 | U36: =37000/2/SQRT(P36*P36+POWER((H36+Q36),2)) -> 1853.2446 | V36: 2 | W36: 6300/35 | X36: 6.3 | Y36: 11 | Z36: 35 | AA36: 6.3 | AB36: 8.1 | AC36: 66/367 | AD36: 5 | AE36: =AB36/100*Z36*Z36/X36 -> 15.75 | AF36: =SQRT(POWER(P36,2)+POWER(Q36+AE36+G36,2)) -> 22.664176 | AG36: =SQRT(POWER(P36,2)+POWER(Q36+AE36+H36,2)) -> 25.517066 | AH36: =SQRT(POWER((AE36+Q36+G36),2)+POWER(P36,2))*POWER(6.3/Z36,2) -> 0.7343193 | AI36: =SQRT(POWER((H36+Q36+AE36),2)+POWER(P36,2))*POWER(6.3/Z36,2) -> 0.82675293 | AJ36: =37000/1.73/SQRT(POWER((G36+Q36+AE36),2)+P36*P36) -> 943.66031 | AK36: =37000/2/SQRT(POWER((H36+Q36+AE36),2)+P36*P36) -> 725.00499 | AL36: =AK36/1.2 -> 604.17082 | AM36: =AK36/1.5 -> 483.33666 | AN36: =6300/(1.73*AH36) -> 4959.1758 | AO36: =SUM(6300/(2*AI36)) -> 3810.0863
A37: 1 | B37: Куст-53 | C37: К-59 | D37: 3.4 | E37: А | F37: Мартыновская | G37: =G15 -> 4.9020181 | H37: =H15 -> 5.2862861 | J37: 8.99 | P37: =0.314*I37+0.249*J37+0.195*M37+0.159*N37+0.06*O37 -> 2.23851 | Q37: =0.4*SUM(I37:O37) -> 3.596 | R37: =SQRT(POWER(P37,2)+POWER(Q37+G37,2)) -> 8.787903 | S37: =SQRT(POWER(P37,2)+POWER(Q37+H37,2)) -> 9.1600182 | T37: =37000/1.73/SQRT(POWER((G37+Q37),2)+P37*P37) -> 2433.7186 | U37: =37000/2/SQRT(P37*P37+POWER((H37+Q37),2)) -> 2019.6466 | V37: 1 | W37: ТМН 6300/35 | X37: 6.3 | Y37: 11 | Z37: 35 | AA37: 6.3 | AB37: 8.01 | AC37: 103,9/577,3 | AE37: =AB37/100*Z37*Z37/X37 -> 15.575 | AF37: =SQRT(POWER(P37,2)+POWER(Q37+AE37+G37,2)) -> 24.176872 | AG37: =SQRT(POWER(P37,2)+POWER(Q37+AE37+H37,2)) -> 24.559515 | AH37: =SQRT(POWER((AE37+Q37+G37),2)+POWER(P37,2))*POWER(6.3/Z37,2) -> 0.78333065 | AI37: =SQRT(POWER((H37+Q37+AE37),2)+POWER(P37,2))*POWER(6.3/Z37,2) -> 0.79572828 | AJ37: =37000/1.73/SQRT(POWER((G37+Q37+AE37),2)+P37*P37) -> 884.61747 | AK37: =37000/2/SQRT(POWER((H37+Q37+AE37),2)+P37*P37) -> 753.27221 | AL37: =AK37/1.2 -> 627.72684 | AM37: =AK37/1.5 -> 502.18147 | AN37: =6300/(1.73*AH37) -> 4648.8906 | AO37: =SUM(6300/(2*AI37)) -> 3958.6377
A38: 1 | D38: 3.4 | E38: А | F38: Мартыновская | G38: =G16 -> 4.8982573 | H38: =H16 -> 5.2312064 | J38: 8.99 | P38: =0.314*I38+0.249*J38+0.195*M38+0.159*N38+0.06*O38 -> 2.23851 | Q38: =0.4*SUM(I38:O38) -> 3.596 | R38: =SQRT(POWER(P38,2)+POWER(Q38+G38,2)) -> 8.7842663 | S38: =SQRT(POWER(P38,2)+POWER(Q38+H38,2)) -> 9.1066185 | T38: =37000/1.73/SQRT(POWER((G38+Q38),2)+P38*P38) -> 2434.7262 | U38: =37000/2/SQRT(P38*P38+POWER((H38+Q38),2)) -> 2031.4895 | V38: 2 | W38: ТМН 6300/35 | X38: 6.3 | Y38: 11 | Z38: 35 | AA38: 6.3 | AB38: 8.01 | AC38: 103,9/577,3 | AE38: =AB38/100*Z38*Z38/X38 -> 15.575 | AF38: =SQRT(POWER(P38,2)+POWER(Q38+AE38+G38,2)) -> 24.173127 | AG38: =SQRT(POWER(P38,2)+POWER(Q38+AE38+H38,2)) -> 24.504665 | AH38: =SQRT(POWER((AE38+Q38+G38),2)+POWER(P38,2))*POWER(6.3/Z38,2) -> 0.78320932 | AI38: =SQRT(POWER((H38+Q38+AE38),2)+POWER(P38,2))*POWER(6.3/Z38,2) -> 0.79395114 | AJ38: =37000/1.73/SQRT(POWER((G38+Q38+AE38),2)+P38*P38) -> 884.75451 | AK38: =37000/2/SQRT(POWER((H38+Q38+AE38),2)+P38*P38) -> 754.95829 | AL38: =AK38/1.2 -> 629.13191 | AM38: =AK38/1.5 -> 503.30553 | AN38: =6300/(1.73*AH38) -> 4649.6108 | AO38: =SUM(6300/(2*AI38)) -> 3967.4985
A39: 1 | B39: Куст-120 | C39: ST-7 | D39: 5.6 | E39: А | F39: Кирьяновская | G39: 2.55 | H39: 5.42 | J39: 15.33 | P39: =0.314*I39+0.249*J39+0.195*M39+0.159*N39+0.06*O39 -> 3.81717 | Q39: =0.4*SUM(I39:O39) -> 6.132 | R39: =SQRT(POWER(P39,2)+POWER(Q39+G39,2)) -> 9.4840872 | S39: =SQRT(POWER(P39,2)+POWER(Q39+H39,2)) -> 12.166326 | T39: =37000/1.73/SQRT(POWER((G39+Q39),2)+P39*P39) -> 2255.0703 | U39: =37000/2/SQRT(P39*P39+POWER((H39+Q39),2)) -> 1520.5905 | V39: 1 | W39: TONb 4000/35 | X39: 4 | Y39: 11 | Z39: 35 | AA39: 6.3 | AB39: 6.23 | AC39: 66/367 | AD39: 5 | AE39: =AB39/100*Z39*Z39/X39 -> 19.079375 | AF39: =SQRT(POWER(P39,2)+POWER(Q39+AE39+G39,2)) -> 28.022575 | AG39: =SQRT(POWER(P39,2)+POWER(Q39+AE39+H39,2)) -> 30.8683 | AH39: =SQRT(POWER((AE39+Q39+G39),2)+POWER(P39,2))*POWER(6.3/Z39,2) -> 0.90793144 | AI39: =SQRT(POWER((H39+Q39+AE39),2)+POWER(P39,2))*POWER(6.3/Z39,2) -> 1.0001329 | AJ39: =37000/1.73/SQRT(POWER((G39+Q39+AE39),2)+P39*P39) -> 763.21619 | AK39: =37000/2/SQRT(POWER((H39+Q39+AE39),2)+P39*P39) -> 599.32035 | AL39: =AK39/1.2 -> 499.43362 | AM39: =AK39/1.5 -> 399.5469 | AN39: =6300/(1.73*AH39) -> 4010.8959 | AO39: =SUM(6300/(2*AI39)) -> 3149.5814
A40: 1 | D40: 5.6 | E40: А | F40: Кирьяновская | G40: 2.55 | H40: 5.42 | J40: 15.33 | P40: =0.314*I40+0.249*J40+0.195*M40+0.159*N40+0.06*O40 -> 3.81717 | Q40: =0.4*SUM(I40:O40) -> 6.132 | R40: =SQRT(POWER(P40,2)+POWER(Q40+G40,2)) -> 9.4840872 | S40: =SQRT(POWER(P40,2)+POWER(Q40+H40,2)) -> 12.166326 | T40: =37000/1.73/SQRT(POWER((G40+Q40),2)+P40*P40) -> 2255.0703 | U40: =37000/2/SQRT(P40*P40+POWER((H40+Q40),2)) -> 1520.5905 | V40: 2 | W40: TONb 4000/35 | X40: 4 | Y40: 11 | Z40: 35 | AA40: 6.3 | AB40: 6.23 | AC40: 66/367 | AD40: 5 | AE40: =AB40/100*Z40*Z40/X40 -> 19.079375 | AF40: =SQRT(POWER(P40,2)+POWER(Q40+AE40+G40,2)) -> 28.022575 | AG40: =SQRT(POWER(P40,2)+POWER(Q40+AE40+H40,2)) -> 30.8683 | AH40: =SQRT(POWER((AE40+Q40+G40),2)+POWER(P40,2))*POWER(6.3/Z40,2) -> 0.90793144 | AI40: =SQRT(POWER((H40+Q40+AE40),2)+POWER(P40,2))*POWER(6.3/Z40,2) -> 1.0001329 | AJ40: =37000/1.73/SQRT(POWER((G40+Q40+AE40),2)+P40*P40) -> 763.21619 | AK40: =37000/2/SQRT(POWER((H40+Q40+AE40),2)+P40*P40) -> 599.32035 | AL40: =AK40/1.2 -> 499.43362 | AM40: =AK40/1.5 -> 399.5469 | AN40: =6300/(1.73*AH40) -> 4010.8959 | AO40: =SUM(6300/(2*AI40)) -> 3149.5814
A41: 1 | B41: Куст-211 | C41: ST-7 | D41: 5.6 | E41: А | F41: Кирьяновская | G41: 2.55 | H41: 5.42 | J41: 22.83 | P41: =0.314*I41+0.249*J41+0.195*M41+0.159*N41+0.06*O41 -> 5.68467 | Q41: =0.4*SUM(I41:O41) -> 9.132 | R41: =SQRT(POWER(P41,2)+POWER(Q41+G41,2)) -> 12.991713 | S41: =SQRT(POWER(P41,2)+POWER(Q41+H41,2)) -> 15.622938 | T41: =37000/1.73/SQRT(POWER((G41+Q41),2)+P41*P41) -> 1646.2251 | U41: =37000/2/SQRT(P41*P41+POWER((H41+Q41),2)) -> 1184.1563 | V41: 1 | W41: ТМН 6300/35 | X41: 6.3 | Y41: 11 | Z41: 35 | AA41: 6.3 | AB41: 7.66 | AC41: 103,9/577,3 | AD41: 5 | AE41: =AB41/100*Z41*Z41/X41 -> 14.894444 | AF41: =SQRT(POWER(P41,2)+POWER(Q41+AE41+G41,2)) -> 27.177617 | AG41: =SQRT(POWER(P41,2)+POWER(Q41+AE41+H41,2)) -> 29.990141 | AH41: =SQRT(POWER((AE41+Q41+G41),2)+POWER(P41,2))*POWER(6.3/Z41,2) -> 0.88055479 | AI41: =SQRT(POWER((H41+Q41+AE41),2)+POWER(P41,2))*POWER(6.3/Z41,2) -> 0.97168057 | AJ41: =37000/1.73/SQRT(POWER((G41+Q41+AE41),2)+P41*P41) -> 786.94475 | AK41: =37000/2/SQRT(POWER((H41+Q41+AE41),2)+P41*P41) -> 616.86939 | AL41: =AK41/1.2 -> 514.05782 | AM41: =AK41/1.5 -> 411.24626 | AN41: =6300/(1.73*AH41) -> 4135.5956 | AO41: =SUM(6300/(2*AI41)) -> 3241.8061
A42: 1 | D42: 5.6 | E42: А | F42: Кирьяновская | G42: 2.55 | H42: 5.42 | J42: 22.83 | P42: =0.314*I42+0.249*J42+0.195*M42+0.159*N42+0.06*O42 -> 5.68467 | Q42: =0.4*SUM(I42:O42) -> 9.132 | R42: =SQRT(POWER(P42,2)+POWER(Q42+G42,2)) -> 12.991713 | S42: =SQRT(POWER(P42,2)+POWER(Q42+H42,2)) -> 15.622938 | T42: =37000/1.73/SQRT(POWER((G42+Q42),2)+P42*P42) -> 1646.2251 | U42: =37000/2/SQRT(P42*P42+POWER((H42+Q42),2)) -> 1184.1563 | V42: 2 | W42: ТМН 6300/35 | X42: 6.3 | Y42: 11 | Z42: 35 | AA42: 6.3 | AB42: 7.61 | AC42: 103,9/577,3 | AD42: 5 | AE42: =AB42/100*Z42*Z42/X42 -> 14.797222 | AF42: =SQRT(POWER(P42,2)+POWER(Q42+AE42+G42,2)) -> 27.082553 | AG42: =SQRT(POWER(P42,2)+POWER(Q42+AE42+H42,2)) -> 29.894687 | AH42: =SQRT(POWER((AE42+Q42+G42),2)+POWER(P42,2))*POWER(6.3/Z42,2) -> 0.87747472 | AI42: =SQRT(POWER((H42+Q42+AE42),2)+POWER(P42,2))*POWER(6.3/Z42,2) -> 0.96858786 | AJ42: =37000/1.73/SQRT(POWER((G42+Q42+AE42),2)+P42*P42) -> 789.70705 | AK42: =37000/2/SQRT(POWER((H42+Q42+AE42),2)+P42*P42) -> 618.83906 | AL42: =AK42/1.2 -> 515.69921 | AM42: =AK42/1.5 -> 412.55937 | AN42: =6300/(1.73*AH42) -> 4150.1121 | AO42: =SUM(6300/(2*AI42)) -> 3252.1572
A43: 1 | B43: Куст-220 | C43: К-63 | D43: 4.6 | E43: А | F43: Ватинская | G43: 4.13 | H43: 6.96 | J43: 15.75 | K43: 0.08 | P43: =0.314*I43+0.249*J43+0.37*K43+0.195*M43+0.159*N43+0.06*O43 -> 3.95135 | Q43: =0.4*I43+0.4*J43+0.083*K43+0.4*M43+0.4*N43+0.4*O43 -> 6.30664 | R43: =SQRT(POWER(P43,2)+POWER(Q43+G43,2)) -> 11.159598 | S43: =SQRT(POWER(P43,2)+POWER(Q43+H43,2)) -> 13.842576 | T43: =37000/1.73/SQRT(POWER((G43+Q43),2)+P43*P43) -> 1916.4923 | U43: =37000/2/SQRT(P43*P43+POWER((H43+Q43),2)) -> 1336.4565 | V43: 1 | W43: TМН-4000/35-73 | X43: 4 | Y43: 11 | Z43: 35 | AA43: 6.3 | AB43: 7.6 | AC43: 66/367 | AD43: 10 | AE43: =AB43/100*Z43*Z43/X43 -> 23.275 | AF43: =SQRT(POWER(P43,2)+POWER(Q43+AE43+G43,2)) -> 33.942419 | AG43: =SQRT(POWER(P43,2)+POWER(Q43+AE43+H43,2)) -> 36.754654 | AH43: =SQRT(POWER((AE43+Q43+G43),2)+POWER(P43,2))*POWER(6.3/Z43,2) -> 1.0997344 | AI43: =SQRT(POWER((H43+Q43+AE43),2)+POWER(P43,2))*POWER(6.3/Z43,2) -> 1.1908508 | AJ43: =37000/1.73/SQRT(POWER((G43+Q43+AE43),2)+P43*P43) -> 630.10485 | AK43: =37000/2/SQRT(POWER((H43+Q43+AE43),2)+P43*P43) -> 503.33761 | AL43: =AK43/1.2 -> 419.44801 | AM43: =AK43/1.5 -> 335.55841 | AN43: =6300/(1.73*AH43) -> 3311.3618 | AO43: =SUM(6300/(2*AI43)) -> 2645.1676
A44: 1 | D44: 4.6 | E44: А | F44: Ватинская | G44: 4.13 | H44: 6.96 | J44: 15.75 | K44: 0.08 | P44: =0.314*I44+0.249*J44+0.37*K44+0.195*M44+0.159*N44+0.06*O44 -> 3.95135 | Q44: =0.4*I44+0.4*J44+0.083*K44+0.4*M44+0.4*N44+0.4*O44 -> 6.30664 | R44: =SQRT(POWER(P44,2)+POWER(Q44+G44,2)) -> 11.159598 | S44: =SQRT(POWER(P44,2)+POWER(Q44+H44,2)) -> 13.842576 | T44: =37000/1.73/SQRT(POWER((G44+Q44),2)+P44*P44) -> 1916.4923 | U44: =37000/2/SQRT(P44*P44+POWER((H44+Q44),2)) -> 1336.4565 | V44: 2 | W44: TМН-4000/35-73 | X44: 4 | Y44: 11 | Z44: 35 | AA44: 6.3 | AB44: 7.69 | AC44: 66/367 | AD44: 10 | AE44: =AB44/100*Z44*Z44/X44 -> 23.550625 | AF44: =SQRT(POWER(P44,2)+POWER(Q44+AE44+G44,2)) -> 34.216185 | AG44: =SQRT(POWER(P44,2)+POWER(Q44+AE44+H44,2)) -> 37.028694 | AH44: =SQRT(POWER((AE44+Q44+G44),2)+POWER(P44,2))*POWER(6.3/Z44,2) -> 1.1086044 | AI44: =SQRT(POWER((H44+Q44+AE44),2)+POWER(P44,2))*POWER(6.3/Z44,2) -> 1.1997297 | AJ44: =37000/1.73/SQRT(POWER((G44+Q44+AE44),2)+P44*P44) -> 625.06334 | AK44: =37000/2/SQRT(POWER((H44+Q44+AE44),2)+P44*P44) -> 499.61255 | AL44: =AK44/1.2 -> 416.34379 | AM44: =AK44/1.5 -> 333.07503 | AN44: =6300/(1.73*AH44) -> 3284.8674 | AO44: =SUM(6300/(2*AI44)) -> 2625.5915
A45: 1 | B45: Куст-53 | C45: К-59 | D45: 2.3 | E45: А | F45: Дельта | G45: 6.348 | H45: 6.79 | J45: 6.19 | L45: 0.6 | P45: =0.314*I45+0.249*J45+0.025*L45+0.195*M45+0.159*N45+0.06*O45 -> 1.55631 | Q45: =0.4*J45+0.04725*L45 -> 2.50435 | R45: =SQRT(POWER(P45,2)+POWER(Q45+G45,2)) -> 8.9881144 | S45: =SQRT(POWER(P45,2)+POWER(Q45+H45,2)) -> 9.4237489 | T45: =37000/1.73/SQRT(POWER((G45+Q45),2)+P45*P45) -> 2379.5072 | U45: =37000/2/SQRT(P45*P45+POWER((H45+Q45),2)) -> 1963.1253 | V45: 1 | W45: ТМН 6300/35 | X45: 6.3 | Y45: 11 | Z45: 35 | AA45: 6.3 | AB45: 8.01 | AC45: 103,9/577,3 | AE45: =AB45/100*Z45*Z45/X45 -> 15.575 | AF45: =SQRT(POWER(P45,2)+POWER(Q45+AE45+G45,2)) -> 24.476877 | AG45: =SQRT(POWER(P45,2)+POWER(Q45+AE45+H45,2)) -> 24.917999 | AH45: =SQRT(POWER((AE45+Q45+G45),2)+POWER(P45,2))*POWER(6.3/Z45,2) -> 0.79305083 | AI45: =SQRT(POWER((H45+Q45+AE45),2)+POWER(P45,2))*POWER(6.3/Z45,2) -> 0.80734317 | AJ45: =37000/1.73/SQRT(POWER((G45+Q45+AE45),2)+P45*P45) -> 873.77499 | AK45: =37000/2/SQRT(POWER((H45+Q45+AE45),2)+P45*P45) -> 742.43522 | AL45: =AK45/1.2 -> 618.69602 | AM45: =AK45/1.5 -> 494.95681 | AN45: =6300/(1.73*AH45) -> 4591.9106 | AO45: =SUM(6300/(2*AI45)) -> 3901.6866
A46: 1 | D46: 2.3 | E46: А | F46: Дельта | G46: 6.348 | H46: 6.79 | J46: 6.19 | L46: 0.6 | P46: =0.314*I46+0.249*J46+0.025*L46+0.195*M46+0.159*N46+0.06*O46 -> 1.55631 | Q46: =0.4*J46+0.04725*L46 -> 2.50435 | R46: =SQRT(POWER(P46,2)+POWER(Q46+G46,2)) -> 8.9881144 | S46: =SQRT(POWER(P46,2)+POWER(Q46+H46,2)) -> 9.4237489 | T46: =37000/1.73/SQRT(POWER((G46+Q46),2)+P46*P46) -> 2379.5072 | U46: =37000/2/SQRT(P46*P46+POWER((H46+Q46),2)) -> 1963.1253 | V46: 2 | W46: ТМН 6300/35 | X46: 6.3 | Y46: 11 | Z46: 35 | AA46: 6.3 | AB46: 8.01 | AC46: 103,9/577,3 | AE46: =AB46/100*Z46*Z46/X46 -> 15.575 | AF46: =SQRT(POWER(P46,2)+POWER(Q46+AE46+G46,2)) -> 24.476877 | AG46: =SQRT(POWER(P46,2)+POWER(Q46+AE46+H46,2)) -> 24.917999 | AH46: =SQRT(POWER((AE46+Q46+G46),2)+POWER(P46,2))*POWER(6.3/Z46,2) -> 0.79305083 | AI46: =SQRT(POWER((H46+Q46+AE46),2)+POWER(P46,2))*POWER(6.3/Z46,2) -> 0.80734317 | AJ46: =37000/1.73/SQRT(POWER((G46+Q46+AE46),2)+P46*P46) -> 873.77499 | AK46: =37000/2/SQRT(POWER((H46+Q46+AE46),2)+P46*P46) -> 742.43522 | AL46: =AK46/1.2 -> 618.69602 | AM46: =AK46/1.5 -> 494.95681 | AN46: =6300/(1.73*AH46) -> 4591.9106 | AO46: =SUM(6300/(2*AI46)) -> 3901.6866
A47: 1 | B47: Куст-53 | C47: К-59 | D47: 2.3 | E47: А | F47: Баграс | G47: ='СР6 перевод на Баграс'!G5 -> 8.2869415 | H47: ='СР6 перевод на Баграс'!H5 -> 9.0895455 | J47: 13.95 | P47: =0.314*I47+0.249*J47+0.195*M47+0.159*N47+0.06*O47 -> 3.47355 | Q47: =0.4*SUM(I47:O47) -> 5.58 | R47: =SQRT(POWER(P47,2)+POWER(Q47+G47,2)) -> 14.29537 | S47: =SQRT(POWER(P47,2)+POWER(Q47+H47,2)) -> 15.075182 | T47: =37000/1.73/SQRT(POWER((G47+Q47),2)+P47*P47) -> 1496.0986 | U47: =37000/2/SQRT(P47*P47+POWER((H47+Q47),2)) -> 1227.1825 | V47: 1 | W47: ТМН 6300/35 | X47: 6.3 | Y47: 11 | Z47: 35 | AA47: 6.3 | AB47: 8.01 | AC47: 103,9/577,3 | AE47: =AB47/100*Z47*Z47/X47 -> 15.575 | AF47: =SQRT(POWER(P47,2)+POWER(Q47+AE47+G47,2)) -> 29.646138 | AG47: =SQRT(POWER(P47,2)+POWER(Q47+AE47+H47,2)) -> 30.443359 | AH47: =SQRT(POWER((AE47+Q47+G47),2)+POWER(P47,2))*POWER(6.3/Z47,2) -> 0.96053486 | AI47: =SQRT(POWER((H47+Q47+AE47),2)+POWER(P47,2))*POWER(6.3/Z47,2) -> 0.98636482 | AJ47: =37000/1.73/SQRT(POWER((G47+Q47+AE47),2)+P47*P47) -> 721.41888 | AK47: =37000/2/SQRT(POWER((H47+Q47+AE47),2)+P47*P47) -> 607.68591 | AL47: =AK47/1.2 -> 506.40492 | AM47: =AK47/1.5 -> 405.12394 | AN47: =6300/(1.73*AH47) -> 3791.2403 | AO47: =SUM(6300/(2*AI47)) -> 3193.5446
A48: 1 | D48: 2.3 | E48: А | F48: Баграс | G48: ='СР6 перевод на Баграс'!G6 -> 8.2967555 | H48: ='СР6 перевод на Баграс'!H6 -> 9.1031996 | J48: 13.95 | P48: =0.314*I48+0.249*J48+0.195*M48+0.159*N48+0.06*O48 -> 3.47355 | Q48: =0.4*SUM(I48:O48) -> 5.58 | R48: =SQRT(POWER(P48,2)+POWER(Q48+G48,2)) -> 14.304891 | S48: =SQRT(POWER(P48,2)+POWER(Q48+H48,2)) -> 15.088469 | T48: =37000/1.73/SQRT(POWER((G48+Q48),2)+P48*P48) -> 1495.1029 | U48: =37000/2/SQRT(P48*P48+POWER((H48+Q48),2)) -> 1226.1019 | V48: 2 | W48: ТМН 6300/35 | X48: 6.3 | Y48: 11 | Z48: 35 | AA48: 6.3 | AB48: 8.01 | AC48: 103,9/577,3 | AE48: =AB48/100*Z48*Z48/X48 -> 15.575 | AF48: =SQRT(POWER(P48,2)+POWER(Q48+AE48+G48,2)) -> 29.655884 | AG48: =SQRT(POWER(P48,2)+POWER(Q48+AE48+H48,2)) -> 30.456924 | AH48: =SQRT(POWER((AE48+Q48+G48),2)+POWER(P48,2))*POWER(6.3/Z48,2) -> 0.96085064 | AI48: =SQRT(POWER((H48+Q48+AE48),2)+POWER(P48,2))*POWER(6.3/Z48,2) -> 0.98680432 | AJ48: =37000/1.73/SQRT(POWER((G48+Q48+AE48),2)+P48*P48) -> 721.18178 | AK48: =37000/2/SQRT(POWER((H48+Q48+AE48),2)+P48*P48) -> 607.41525 | AL48: =AK48/1.2 -> 506.17938 | AM48: =AK48/1.5 -> 404.9435 | AN48: =6300/(1.73*AH48) -> 3789.9944 | AO48: =SUM(6300/(2*AI48)) -> 3192.1222
B50: Дата расчета: | E50: 42647 | G50: Реактансы на с.ш.35кВ согласно письма исх.№Т4/1/3042 от 22.09.14, №Т4/1/2073 от 22.08.16 АО "ТюменьЭнерго" НВЭС
B51: Расчет провел: | E51: Шапран Н.О. | G51: Реактансы на с.ш.35кВ ПС 110/35/6кВ "Баграс" согласно письма исх.№297 от 05.07.15 ООО "Энергоремонт"

Sheet СР1
A1: Реактансы ПС 35/6кВ СР-1
A2: СР | B2: Наименование ПС 35/6кВ | C2: Тип ПС | D2: №Ф-35кВ | E2: Режим | F2: Головная ПС | G2: Реактансы на с.ш.35кВ ПС 110/35/6кВ | I2: Длина ВЛ-35кВ | P2: Хвл-35кВ | R2: Реактансы на ЛР 35кВ ПС 35/6кВ | T2: Токи на с.ш.35кВ ПС 35/6кВ до трансф. | V2: № тр-ра | W2: Тип | X2: S | Y2: Груп Соед | Z2: U ВН | AA2: U HН | AB2: Uкз | AC2: Iвн/Iнн | AD2: РПН | AE2: Хтмак | AF2: Реактансы на с.ш.35кВ ПС 35/6кВ | AH2: Реактансы на с.ш.6кВ ПС 35/6кВ | AJ2: Токи на с.ш.6кВ ПС 35/6кВ после трансф., приведенные к стороне 35кВ | AL2: Кч=1.2 | AM2: Кч=1.5 | AN2: Токи на с.ш.6кВ ПС 35/6кВ после трансф., приведенные к стороне 6,3кВ
G3: Хсмакc | H3: Хсмин | I3: АС-95 | J3: АС-120 | K3: 3ПвВнГ-ХЛ 1х50 | L3: АПвП 300 | M3: АС-150 | N3: АС-185 | O3: АС-500 | R3: Хмакс | S3: Хмин | T3: Iмакс | U3: Iмин | AF3: Хмакс | AG3: Хмин | AH3: Хмакс | AI3: Хмин | AJ3: Iмакс | AK3: Iмин | AN3: Iмакс | AO3: Iмин
G4: Ом | H4: Ом | I4: км | J4: км | K4: км | L4: км | M4: км | N4: км | O4: км | P4: Ом | Q4: Ом | R4: Ом | S4: Ом | T4: А | U4: А | X4: МВА | Z4: кВ | AA4: кВ | AB4: % | AC4: А | AD4: % | AE4: Ом | AF4: Ом | AG4: Ом | AH4: Ом | AI4: Ом | AJ4: А | AK4: А | AL4: А | AM4: А | AN4: А | AO4: А
A5: 1 | B5: ДНС-2В | C5: К-47 | D5: 5.6 | E5: Н | F5: Кирьяновская | G5: 2.55 | H5: 5.42 | J5: 4.53 | P5: =0.314*I5+0.249*J5+0.195*M5+0.159*N5+0.06*O5 -> 1.12797 | Q5: =0.4*SUM(I5:O5) -> 1.812 | R5: =SQRT(POWER(P5,2)+POWER(Q5+G5,2)) -> 4.5054811 | S5: =SQRT(POWER(P5,2)+POWER(Q5+H5,2)) -> 7.3194358 | T5: =37000/1.73/SQRT(POWER((G5+Q5),2)+P5*P5) -> 4746.9477 | U5: =37000/2/SQRT(P5*P5+POWER((H5+Q5),2)) -> 2527.5172 | V5: 1 | W5: TМН-4000/35 | X5: 4 | Y5: 11 | Z5: 35 | AA5: 6.3 | AB5: 7.67 | AC5: 66/366 | AD5: 9 | AE5: =AB5/100*Z5*Z5/X5 -> 23.489375 | AF5: =SQRT(POWER(P5,2)+POWER(Q5+AE5+G5,2)) -> 27.874207 | AG5: =SQRT(POWER(P5,2)+POWER(Q5+AE5+H5,2)) -> 30.742075 | AH5: =SQRT(POWER((AE5+Q5+G5),2)+POWER(P5,2))*POWER(6.3/Z5,2) -> 0.9031243 | AI5: =SQRT(POWER((H5+Q5+AE5),2)+POWER(P5,2))*POWER(6.3/Z5,2) -> 0.99604324 | AJ5: =37000/1.73/SQRT(POWER((G5+Q5+AE5),2)+P5*P5) -> 767.27863 | AK5: =37000/2/SQRT(POWER((H5+Q5+AE5),2)+P5*P5) -> 601.7811 | AL5: =AK5/1.2 -> 501.48425 | AM5: =AK5/1.5 -> 401.1874 | AN5: =6300/(1.73*AH5) -> 4032.2451 | AO5: =SUM(6300/(2*AI5)) -> 3162.5133
A6: 1 | D6: 5.6 | E6: Н | F6: Кирьяновская | G6: 2.55 | H6: 5.42 | J6: 4.53 | P6: =0.314*I6+0.249*J6+0.195*M6+0.159*N6+0.06*O6 -> 1.12797 | Q6: =0.4*SUM(I6:O6) -> 1.812 | R6: =SQRT(POWER(P6,2)+POWER(Q6+G6,2)) -> 4.5054811 | S6: =SQRT(POWER(P6,2)+POWER(Q6+H6,2)) -> 7.3194358 | T6: =37000/1.73/SQRT(POWER((G6+Q6),2)+P6*P6) -> 4746.9477 | U6: =37000/2/SQRT(P6*P6+POWER((H6+Q6),2)) -> 2527.5172 | V6: 2 | W6: TМН-4000/35 | X6: 4 | Y6: 11 | Z6: 35 | AA6: 6.3 | AB6: 7.6 | AC6: 66/366 | AD6: 12 | AE6: =AB6/100*Z6*Z6/X6 -> 23.275 | AF6: =SQRT(POWER(P6,2)+POWER(Q6+AE6+G6,2)) -> 27.660009 | AG6: =SQRT(POWER(P6,2)+POWER(Q6+AE6+H6,2)) -> 30.527846 | AH6: =SQRT(POWER((AE6+Q6+G6),2)+POWER(P6,2))*POWER(6.3/Z6,2) -> 0.89618428 | AI6: =SQRT(POWER((H6+Q6+AE6),2)+POWER(P6,2))*POWER(6.3/Z6,2) -> 0.9891022 | AJ6: =37000/1.73/SQRT(POWER((G6+Q6+AE6),2)+P6*P6) -> 773.22041 | AK6: =37000/2/SQRT(POWER((H6+Q6+AE6),2)+P6*P6) -> 606.00411 | AL6: =AK6/1.2 -> 505.00343 | AM6: =AK6/1.5 -> 404.00274 | AN6: =6300/(1.73*AH6) -> 4063.4706 | AO6: =SUM(6300/(2*AI6)) -> 3184.7063
A7: 1 | B7: КНС-4В | C7: К-47 | D7: 5.6 | E7: Н | F7: Кирьяновская | G7: 2.55 | H7: 5.42 | J7: 0.35 | P7: =0.314*I7+0.249*J7+0.195*M7+0.159*N7+0.06*O7 -> 0.08715 | Q7: =0.4*SUM(I7:O7) -> 0.14 | R7: =SQRT(POWER(P7,2)+POWER(Q7+G7,2)) -> 2.6914114 | S7: =SQRT(POWER(P7,2)+POWER(Q7+H7,2)) -> 5.560683 | T7: =37000/1.73/SQRT(POWER((G7+Q7),2)+P7*P7) -> 7946.4936 | U7: =37000/2/SQRT(P7*P7+POWER((H7+Q7),2)) -> 3326.9295 | V7: 1 | W7: ТМН 6300/35 | X7: 6.3 | Y7: 11 | Z7: 35 | AA7: 6.3 | AB7: 7.82 | AC7: 103,9/577,3 | AE7: =AB7/100*Z7*Z7/X7 -> 15.205556 | AF7: =SQRT(POWER(P7,2)+POWER(Q7+AE7+G7,2)) -> 17.895768 | AG7: =SQRT(POWER(P7,2)+POWER(Q7+AE7+H7,2)) -> 20.765738 | AH7: =SQRT(POWER((AE7+Q7+G7),2)+POWER(P7,2))*POWER(6.3/Z7,2) -> 0.57982288 | AI7: =SQRT(POWER((H7+Q7+AE7),2)+POWER(P7,2))*POWER(6.3/Z7,2) -> 0.67280993 | AJ7: =37000/1.73/SQRT(POWER((G7+Q7+AE7),2)+P7*P7) -> 1195.1029 | AK7: =37000/2/SQRT(POWER((H7+Q7+AE7),2)+P7*P7) -> 890.89054 | AL7: =AK7/1.2 -> 742.40879 | AM7: =AK7/1.5 -> 593.92703 | AN7: =6300/(1.73*AH7) -> 6280.5706 | AO7: =SUM(6300/(2*AI7)) -> 4681.8572
A8: 1 | D8: 5.6 | E8: Н | F8: Кирьяновская | G8: 2.55 | H8: 5.42 | J8: 0.35 | P8: =0.314*I8+0.249*J8+0.195*M8+0.159*N8+0.06*O8 -> 0.08715 | Q8: =0.4*SUM(I8:O8) -> 0.14 | R8: =SQRT(POWER(P8,2)+POWER(Q8+G8,2)) -> 2.6914114 | S8: =SQRT(POWER(P8,2)+POWER(Q8+H8,2)) -> 5.560683 | T8: =37000/1.73/SQRT(POWER((G8+Q8),2)+P8*P8) -> 7946.4936 | U8: =37000/2/SQRT(P8*P8+POWER((H8+Q8),2)) -> 3326.9295 | V8: 2 | W8: ТМН 6300/35 | X8: 6.3 | Y8: 11 | Z8: 35 | AA8: 6.3 | AB8: 7.94 | AC8: 103,9/577,3 | AE8: =AB8/100*Z8*Z8/X8 -> 15.438889 | AF8: =SQRT(POWER(P8,2)+POWER(Q8+AE8+G8,2)) -> 18.129098 | AG8: =SQRT(POWER(P8,2)+POWER(Q8+AE8+H8,2)) -> 20.99907 | AH8: =SQRT(POWER((AE8+Q8+G8),2)+POWER(P8,2))*POWER(6.3/Z8,2) -> 0.58738279 | AI8: =SQRT(POWER((H8+Q8+AE8),2)+POWER(P8,2))*POWER(6.3/Z8,2) -> 0.68036986 | AJ8: =37000/1.73/SQRT(POWER((G8+Q8+AE8),2)+P8*P8) -> 1179.7213 | AK8: =37000/2/SQRT(POWER((H8+Q8+AE8),2)+P8*P8) -> 880.99141 | AL8: =AK8/1.2 -> 734.15951 | AM8: =AK8/1.5 -> 587.3276 | AN8: =6300/(1.73*AH8) -> 6199.7365 | AO8: =SUM(6300/(2*AI8)) -> 4629.8347
A9: 1 | B9: КНС-5В | C9: К-47 | D9: 4.6 | E9: Н | F9: Ватинская | G9: 4.13 | H9: 6.96 | J9: 8.2 | P9: =0.314*I9+0.249*J9+0.195*M9+0.159*N9+0.06*O9 -> 2.0418 | Q9: =0.4*SUM(I9:O9) -> 3.28 | R9: =SQRT(POWER(P9,2)+POWER(Q9+G9,2)) -> 7.6861595 | S9: =SQRT(POWER(P9,2)+POWER(Q9+H9,2)) -> 10.441578 | T9: =37000/1.73/SQRT(POWER((G9+Q9),2)+P9*P9) -> 2782.5708 | U9: =37000/2/SQRT(P9*P9+POWER((H9+Q9),2)) -> 1771.7629 | V9: 1 | W9: ТМН 6300/35 | X9: 6.3 | Y9: 11 | Z9: 35 | AA9: 6.3 | AB9: 7.94 | AC9: 103,9/577,3 | AD9: 5 | AE9: =AB9/100*Z9*Z9/X9 -> 15.438889 | AF9: =SQRT(POWER(P9,2)+POWER(Q9+AE9+G9,2)) -> 22.939936 | AG9: =SQRT(POWER(P9,2)+POWER(Q9+AE9+H9,2)) -> 25.759936 | AH9: =SQRT(POWER((AE9+Q9+G9),2)+POWER(P9,2))*POWER(6.3/Z9,2) -> 0.74325393 | AI9: =SQRT(POWER((H9+Q9+AE9),2)+POWER(P9,2))*POWER(6.3/Z9,2) -> 0.83462191 | AJ9: =37000/1.73/SQRT(POWER((G9+Q9+AE9),2)+P9*P9) -> 932.3166 | AK9: =37000/2/SQRT(POWER((H9+Q9+AE9),2)+P9*P9) -> 718.1695 | AL9: =AK9/1.2 -> 598.47458 | AM9: =AK9/1.5 -> 478.77966 | AN9: =6300/(1.73*AH9) -> 4899.5617 | AO9: =SUM(6300/(2*AI9)) -> 3774.164
A10: 1 | D10: 4.6 | E10: Н | F10: Ватинская | G10: 4.13 | H10: 6.96 | J10: 8.2 | P10: =0.314*I10+0.249*J10+0.195*M10+0.159*N10+0.06*O10 -> 2.0418 | Q10: =0.4*SUM(I10:O10) -> 3.28 | R10: =SQRT(POWER(P10,2)+POWER(Q10+G10,2)) -> 7.6861595 | S10: =SQRT(POWER(P10,2)+POWER(Q10+H10,2)) -> 10.441578 | T10: =37000/1.73/SQRT(POWER((G10+Q10),2)+P10*P10) -> 2782.5708 | U10: =37000/2/SQRT(P10*P10+POWER((H10+Q10),2)) -> 1771.7629 | V10: 2 | W10: ТМН 6300/35 | X10: 6.3 | Y10: 11 | Z10: 35 | AA10: 6.3 | AB10: 7.96 | AC10: 103,9/577,3 | AD10: 5 | AE10: =AB10/100*Z10*Z10/X10 -> 15.477778 | AF10: =SQRT(POWER(P10,2)+POWER(Q10+AE10+G10,2)) -> 22.978671 | AG10: =SQRT(POWER(P10,2)+POWER(Q10+AE10+H10,2)) -> 25.798702 | AH10: =SQRT(POWER((AE10+Q10+G10),2)+POWER(P10,2))*POWER(6.3/Z10,2) -> 0.74450894 | AI10: =SQRT(POWER((H10+Q10+AE10),2)+POWER(P10,2))*POWER(6.3/Z10,2) -> 0.83587795 | AJ10: =37000/1.73/SQRT(POWER((G10+Q10+AE10),2)+P10*P10) -> 930.74501 | AK10: =37000/2/SQRT(POWER((H10+Q10+AE10),2)+P10*P10) -> 717.09033 | AL10: =AK10/1.2 -> 597.57528 | AM10: =AK10/1.5 -> 478.06022 | AN10: =6300/(1.73*AH10) -> 4891.3026 | AO10: =SUM(6300/(2*AI10)) -> 3768.4927
A11: 1 | B11: КНС-8В | C11: К-47 | D11: 5.6 | E11: Н | F11: Кирьяновская | G11: 2.55 | H11: 5.42 | J11: 4 | P11: =0.314*I11+0.249*J11+0.195*M11+0.159*N11+0.06*O11 -> 0.996 | Q11: =0.4*SUM(I11:O11) -> 1.6 | R11: =SQRT(POWER(P11,2)+POWER(Q11+G11,2)) -> 4.2678468 | S11: =SQRT(POWER(P11,2)+POWER(Q11+H11,2)) -> 7.0903044 | T11: =37000/1.73/SQRT(POWER((G11+Q11),2)+P11*P11) -> 5011.2585 | U11: =37000/2/SQRT(P11*P11+POWER((H11+Q11),2)) -> 2609.1969 | V11: 1 | W11: ТМН 6300/35 | X11: 6.3 | Y11: 11 | Z11: 35 | AA11: 6.3 | AB11: 7.41 | AC11: 104/577 | AD11: 12 | AE11: =AB11/100*Z11*Z11/X11 -> 14.408333 | AF11: =SQRT(POWER(P11,2)+POWER(Q11+AE11+G11,2)) -> 18.585041 | AG11: =SQRT(POWER(P11,2)+POWER(Q11+AE11+H11,2)) -> 21.451468 | AH11: =SQRT(POWER((AE11+Q11+G11),2)+POWER(P11,2))*POWER(6.3/Z11,2) -> 0.60215533 | AI11: =SQRT(POWER((H11+Q11+AE11),2)+POWER(P11,2))*POWER(6.3/Z11,2) -> 0.69502757 | AJ11: =37000/1.73/SQRT(POWER((G11+Q11+AE11),2)+P11*P11) -> 1150.7794 | AK11: =37000/2/SQRT(POWER((H11+Q11+AE11),2)+P11*P11) -> 862.41183 | AL11: =AK11/1.2 -> 718.67653 | AM11: =AK11/1.5 -> 574.94122 | AN11: =6300/(1.73*AH11) -> 6047.6397 | AO11: =SUM(6300/(2*AI11)) -> 4532.1943
A12: 1 | D12: 5.6 | E12: Н | F12: Кирьяновская | G12: 2.55 | H12: 5.42 | J12: 4 | P12: =0.314*I12+0.249*J12+0.195*M12+0.159*N12+0.06*O12 -> 0.996 | Q12: =0.4*SUM(I12:O12) -> 1.6 | R12: =SQRT(POWER(P12,2)+POWER(Q12+G12,2)) -> 4.2678468 | S12: =SQRT(POWER(P12,2)+POWER(Q12+H12,2)) -> 7.0903044 | T12: =37000/1.73/SQRT(POWER((G12+Q12),2)+P12*P12) -> 5011.2585 | U12: =37000/2/SQRT(P12*P12+POWER((H12+Q12),2)) -> 2609.1969 | V12: 2 | W12: ТМН 6300/35 | X12: 6.3 | Y12: 11 | Z12: 35 | AA12: 6.3 | AB12: 8.02 | AC12: 104/577 | AD12: 12 | AE12: =AB12/100*Z12*Z12/X12 -> 15.594444 | AF12: =SQRT(POWER(P12,2)+POWER(Q12+AE12+G12,2)) -> 19.76955 | AG12: =SQRT(POWER(P12,2)+POWER(Q12+AE12+H12,2)) -> 22.636367 | AH12: =SQRT(POWER((AE12+Q12+G12),2)+POWER(P12,2))*POWER(6.3/Z12,2) -> 0.64053342 | AI12: =SQRT(POWER((H12+Q12+AE12),2)+POWER(P12,2))*POWER(6.3/Z12,2) -> 0.73341829 | AJ12: =37000/1.73/SQRT(POWER((G12+Q12+AE12),2)+P12*P12) -> 1081.8295 | AK12: =37000/2/SQRT(POWER((H12+Q12+AE12),2)+P12*P12) -> 817.26895 | AL12: =AK12/1.2 -> 681.05746 | AM12: =AK12/1.5 -> 544.84597 | AN12: =6300/(1.73*AH12) -> 5685.2904 | AO12: =SUM(6300/(2*AI12)) -> 4294.957
A13: 1 | B13: Куст-47 новая | C13: АльянсЭлектро | D13: 4.6 | E13: Н | F13: Ватинская | G13: 4.13 | H13: 6.96 | J13: 8.1 | P13: =0.314*I13+0.249*J13+0.195*M13+0.159*N13+0.06*O13 -> 2.0169 | Q13: =0.4*SUM(I13:O13) -> 3.24 | R13: =SQRT(POWER(P13,2)+POWER(Q13+G13,2)) -> 7.6409938 | S13: =SQRT(POWER(P13,2)+POWER(Q13+H13,2)) -> 10.397494 | T13: =37000/1.73/SQRT(POWER((G13+Q13),2)+P13*P13) -> 2799.0185 | U13: =37000/2/SQRT(P13*P13+POWER((H13+Q13),2)) -> 1779.2749 | V13: 1 | W13: 6300/35 | X13: 6.3 | Y13: 11 | Z13: 35 | AA13: 6.3 | AB13: 7.92 | AC13: 66/367 | AD13: 5 | AE13: =AB13/100*Z13*Z13/X13 -> 15.4 | AF13: =SQRT(POWER(P13,2)+POWER(Q13+AE13+G13,2)) -> 22.859151 | AG13: =SQRT(POWER(P13,2)+POWER(Q13+AE13+H13,2)) -> 25.679328 | AH13: =SQRT(POWER((AE13+Q13+G13),2)+POWER(P13,2))*POWER(6.3/Z13,2) -> 0.74063649 | AI13: =SQRT(POWER((H13+Q13+AE13),2)+POWER(P13,2))*POWER(6.3/Z13,2) -> 0.83201023 | AJ13: =37000/1.73/SQRT(POWER((G13+Q13+AE13),2)+P13*P13) -> 935.61144 | AK13: =37000/2/SQRT(POWER((H13+Q13+AE13),2)+P13*P13) -> 720.42384 | AL13: =AK13/1.2 -> 600.3532 | AM13: =AK13/1.5 -> 480.28256 | AN13: =6300/(1.73*AH13) -> 4916.8769 | AO13: =SUM(6300/(2*AI13)) -> 3786.0112
A14: 1 | D14: 4.6 | E14: Н | F14: Ватинская | G14: 4.13 | H14: 6.96 | J14: 8.1 | P14: =0.314*I14+0.249*J14+0.195*M14+0.159*N14+0.06*O14 -> 2.0169 | Q14: =0.4*SUM(I14:O14) -> 3.24 | R14: =SQRT(POWER(P14,2)+POWER(Q14+G14,2)) -> 7.6409938 | S14: =SQRT(POWER(P14,2)+POWER(Q14+H14,2)) -> 10.397494 | T14: =37000/1.73/SQRT(POWER((G14+Q14),2)+P14*P14) -> 2799.0185 | U14: =37000/2/SQRT(P14*P14+POWER((H14+Q14),2)) -> 1779.2749 | V14: 2 | W14: 6300/35 | X14: 6.3 | Y14: 11 | Z14: 35 | AA14: 6.3 | AB14: 8.1 | AC14: 66/367 | AD14: 5 | AE14: =AB14/100*Z14*Z14/X14 -> 15.75 | AF14: =SQRT(POWER(P14,2)+POWER(Q14+AE14+G14,2)) -> 23.207807 | AG14: =SQRT(POWER(P14,2)+POWER(Q14+AE14+H14,2)) -> 26.028261 | AH14: =SQRT(POWER((AE14+Q14+G14),2)+POWER(P14,2))*POWER(6.3/Z14,2) -> 0.75193293 | AI14: =SQRT(POWER((H14+Q14+AE14),2)+POWER(P14,2))*POWER(6.3/Z14,2) -> 0.84331567 | AJ14: =37000/1.73/SQRT(POWER((G14+Q14+AE14),2)+P14*P14) -> 921.55556 | AK14: =37000/2/SQRT(POWER((H14+Q14+AE14),2)+P14*P14) -> 710.76588 | AL14: =AK14/1.2 -> 592.3049 | AM14: =AK14/1.5 -> 473.84392 | AN14: =6300/(1.73*AH14) -> 4843.0097 | AO14: =SUM(6300/(2*AI14)) -> 3735.2561
A15: 1 | B15: Куст-53 | C15: К-59 | D15: 1.2 | E15: Н | F15: Мартыновская | G15: =Мартыновская!G15 -> 4.9020181 | H15: =Мартыновская!H15 -> 5.2862861 | J15: 6.21 | P15: =0.314*I15+0.249*J15+0.195*M15+0.159*N15+0.06*O15 -> 1.54629 | Q15: =0.4*SUM(I15:O15) -> 2.484 | R15: =SQRT(POWER(P15,2)+POWER(Q15+G15,2)) -> 7.5461432 | S15: =SQRT(POWER(P15,2)+POWER(Q15+H15,2)) -> 7.9226485 | T15: =37000/1.73/SQRT(POWER((G15+Q15),2)+P15*P15) -> 2834.2006 | U15: =37000/2/SQRT(P15*P15+POWER((H15+Q15),2)) -> 2335.0777 | V15: 1 | W15: ТМН 6300/35 | X15: 6.3 | Y15: 11 | Z15: 35 | AA15: 6.3 | AB15: 8.01 | AC15: 103,9/577,3 | AE15: =AB15/100*Z15*Z15/X15 -> 15.575 | AF15: =SQRT(POWER(P15,2)+POWER(Q15+AE15+G15,2)) -> 23.013026 | AG15: =SQRT(POWER(P15,2)+POWER(Q15+AE15+H15,2)) -> 23.39644 | AH15: =SQRT(POWER((AE15+Q15+G15),2)+POWER(P15,2))*POWER(6.3/Z15,2) -> 0.74562204 | AI15: =SQRT(POWER((H15+Q15+AE15),2)+POWER(P15,2))*POWER(6.3/Z15,2) -> 0.75804465 | AJ15: =37000/1.73/SQRT(POWER((G15+Q15+AE15),2)+P15*P15) -> 929.35554 | AK15: =37000/2/SQRT(POWER((H15+Q15+AE15),2)+P15*P15) -> 790.71859 | AL15: =AK15/1.2 -> 658.93216 | AM15: =AK15/1.5 -> 527.14573 | AN15: =6300/(1.73*AH15) -> 4884.0006 | AO15: =SUM(6300/(2*AI15)) -> 4155.428
A16: 1 | D16: 1.2 | E16: Н | F16: Мартыновская | G16: =Мартыновская!G16 -> 4.8982573 | H16: =Мартыновская!H16 -> 5.2312064 | J16: 6.21 | P16: =0.314*I16+0.249*J16+0.195*M16+0.159*N16+0.06*O16 -> 1.54629 | Q16: =0.4*SUM(I16:O16) -> 2.484 | R16: =SQRT(POWER(P16,2)+POWER(Q16+G16,2)) -> 7.5424622 | S16: =SQRT(POWER(P16,2)+POWER(Q16+H16,2)) -> 7.8686354 | T16: =37000/1.73/SQRT(POWER((G16+Q16),2)+P16*P16) -> 2835.5837 | U16: =37000/2/SQRT(P16*P16+POWER((H16+Q16),2)) -> 2351.1065 | V16: 2 | W16: ТМН 6300/35 | X16: 6.3 | Y16: 11 | Z16: 35 | AA16: 6.3 | AB16: 8.01 | AC16: 103,9/577,3 | AE16: =AB16/100*Z16*Z16/X16 -> 15.575 | AF16: =SQRT(POWER(P16,2)+POWER(Q16+AE16+G16,2)) -> 23.009274 | AG16: =SQRT(POWER(P16,2)+POWER(Q16+AE16+H16,2)) -> 23.341481 | AH16: =SQRT(POWER((AE16+Q16+G16),2)+POWER(P16,2))*POWER(6.3/Z16,2) -> 0.74550047 | AI16: =SQRT(POWER((H16+Q16+AE16),2)+POWER(P16,2))*POWER(6.3/Z16,2) -> 0.75626398 | AJ16: =37000/1.73/SQRT(POWER((G16+Q16+AE16),2)+P16*P16) -> 929.5071 | AK16: =37000/2/SQRT(POWER((H16+Q16+AE16),2)+P16*P16) -> 792.58039 | AL16: =AK16/1.2 -> 660.48366 | AM16: =AK16/1.5 -> 528.38693 | AN16: =6300/(1.73*AH16) -> 4884.7971 | AO16: =SUM(6300/(2*AI16)) -> 4165.2123
A17: 1 | B17: Куст-120 | C17: ST-7 | D17: 4.6 | E17: Н | F17: Ватинская | G17: 4.13 | H17: 6.96 | J17: 12.9 | P17: =0.314*I17+0.249*J17+0.195*M17+0.159*N17+0.06*O17 -> 3.2121 | Q17: =0.4*SUM(I17:O17) -> 5.16 | R17: =SQRT(POWER(P17,2)+POWER(Q17+G17,2)) -> 9.8296331 | S17: =SQRT(POWER(P17,2)+POWER(Q17+H17,2)) -> 12.53842 | T17: =37000/1.73/SQRT(POWER((G17+Q17),2)+P17*P17) -> 2175.7967 | U17: =37000/2/SQRT(P17*P17+POWER((H17+Q17),2)) -> 1475.465 | V17: 1 | W17: TONb 4000/35 | X17: 4 | Y17: 11 | Z17: 35 | AA17: 6.3 | AB17: 6.23 | AC17: 66/367 | AD17: 5 | AE17: =AB17/100*Z17*Z17/X17 -> 19.079375 | AF17: =SQRT(POWER(P17,2)+POWER(Q17+AE17+G17,2)) -> 28.55064 | AG17: =SQRT(POWER(P17,2)+POWER(Q17+AE17+H17,2)) -> 31.364288 | AH17: =SQRT(POWER((AE17+Q17+G17),2)+POWER(P17,2))*POWER(6.3/Z17,2) -> 0.92504072 | AI17: =SQRT(POWER((H17+Q17+AE17),2)+POWER(P17,2))*POWER(6.3/Z17,2) -> 1.0162029 | AJ17: =37000/1.73/SQRT(POWER((G17+Q17+AE17),2)+P17*P17) -> 749.09997 | AK17: =37000/2/SQRT(POWER((H17+Q17+AE17),2)+P17*P17) -> 589.84281 | AL17: =AK17/1.2 -> 491.53567 | AM17: =AK17/1.5 -> 393.22854 | AN17: =6300/(1.73*AH17) -> 3936.7115 | AO17: =SUM(6300/(2*AI17)) -> 3099.7745
A18: 1 | D18: 4.6 | E18: Н | F18: Ватинская | G18: 4.13 | H18: 6.96 | J18: 12.9 | P18: =0.314*I18+0.249*J18+0.195*M18+0.159*N18+0.06*O18 -> 3.2121 | Q18: =0.4*SUM(I18:O18) -> 5.16 | R18: =SQRT(POWER(P18,2)+POWER(Q18+G18,2)) -> 9.8296331 | S18: =SQRT(POWER(P18,2)+POWER(Q18+H18,2)) -> 12.53842 | T18: =37000/1.73/SQRT(POWER((G18+Q18),2)+P18*P18) -> 2175.7967 | U18: =37000/2/SQRT(P18*P18+POWER((H18+Q18),2)) -> 1475.465 | V18: 2 | W18: TONb 4000/35 | X18: 4 | Y18: 11 | Z18: 35 | AA18: 6.3 | AB18: 6.23 | AC18: 66/367 | AD18: 5 | AE18: =AB18/100*Z18*Z18/X18 -> 19.079375 | AF18: =SQRT(POWER(P18,2)+POWER(Q18+AE18+G18,2)) -> 28.55064 | AG18: =SQRT(POWER(P18,2)+POWER(Q18+AE18+H18,2)) -> 31.364288 | AH18: =SQRT(POWER((AE18+Q18+G18),2)+POWER(P18,2))*POWER(6.3/Z18,2) -> 0.92504072 | AI18: =SQRT(POWER((H18+Q18+AE18),2)+POWER(P18,2))*POWER(6.3/Z18,2) -> 1.0162029 | AJ18: =37000/1.73/SQRT(POWER((G18+Q18+AE18),2)+P18*P18) -> 749.09997 | AK18: =37000/2/SQRT(POWER((H18+Q18+AE18),2)+P18*P18) -> 589.84281 | AL18: =AK18/1.2 -> 491.53567 | AM18: =AK18/1.5 -> 393.22854 | AN18: =6300/(1.73*AH18) -> 3936.7115 | AO18: =SUM(6300/(2*AI18)) -> 3099.7745
A19: 1 | B19: Куст-211 | C19: ST-7 | D19: 4.6 | E19: Н | F19: Ватинская | G19: 4.13 | H19: 6.96 | J19: 20.4 | P19: =0.314*I19+0.249*J19+0.195*M19+0.159*N19+0.06*O19 -> 5.0796 | Q19: =0.4*SUM(I19:O19) -> 8.16 | R19: =SQRT(POWER(P19,2)+POWER(Q19+G19,2)) -> 13.298362 | S19: =SQRT(POWER(P19,2)+POWER(Q19+H19,2)) -> 15.950446 | T19: =37000/1.73/SQRT(POWER((G19+Q19),2)+P19*P19) -> 1608.2645 | U19: =37000/2/SQRT(P19*P19+POWER((H19+Q19),2)) -> 1159.8422 | V19: 1 | W19: ТМН 6300/35 | X19: 6.3 | Y19: 11 | Z19: 35 | AA19: 6.3 | AB19: 7.66 | AC19: 103,9/577,3 | AD19: 5 | AE19: =AB19/100*Z19*Z19/X19 -> 14.894444 | AF19: =SQRT(POWER(P19,2)+POWER(Q19+AE19+G19,2)) -> 27.654952 | AG19: =SQRT(POWER(P19,2)+POWER(Q19+AE19+H19,2)) -> 30.441242 | AH19: =SQRT(POWER((AE19+Q19+G19),2)+POWER(P19,2))*POWER(6.3/Z19,2) -> 0.89602044 | AI19: =SQRT(POWER((H19+Q19+AE19),2)+POWER(P19,2))*POWER(6.3/Z19,2) -> 0.98629624 | AJ19: =37000/1.73/SQRT(POWER((G19+Q19+AE19),2)+P19*P19) -> 773.3618 | AK19: =37000/2/SQRT(POWER((H19+Q19+AE19),2)+P19*P19) -> 607.72816 | AL19: =AK19/1.2 -> 506.44013 | AM19: =AK19/1.5 -> 405.15211 | AN19: =6300/(1.73*AH19) -> 4064.2137 | AO19: =SUM(6300/(2*AI19)) -> 3193.7666
A20: 1 | D20: 4.6 | E20: Н | F20: Ватинская | G20: 4.13 | H20: 6.96 | J20: 20.4 | P20: =0.314*I20+0.249*J20+0.195*M20+0.159*N20+0.06*O20 -> 5.0796 | Q20: =0.4*SUM(I20:O20) -> 8.16 | R20: =SQRT(POWER(P20,2)+POWER(Q20+G20,2)) -> 13.298362 | S20: =SQRT(POWER(P20,2)+POWER(Q20+H20,2)) -> 15.950446 | T20: =37000/1.73/SQRT(POWER((G20+Q20),2)+P20*P20) -> 1608.2645 | U20: =37000/2/SQRT(P20*P20+POWER((H20+Q20),2)) -> 1159.8422 | V20: 2 | W20: ТМН 6300/35 | X20: 6.3 | Y20: 11 | Z20: 35 | AA20: 6.3 | AB20: 7.61 | AC20: 103,9/577,3 | AD20: 5 | AE20: =AB20/100*Z20*Z20/X20 -> 14.797222 | AF20: =SQRT(POWER(P20,2)+POWER(Q20+AE20+G20,2)) -> 27.559389 | AG20: =SQRT(POWER(P20,2)+POWER(Q20+AE20+H20,2)) -> 30.345387 | AH20: =SQRT(POWER((AE20+Q20+G20),2)+POWER(P20,2))*POWER(6.3/Z20,2) -> 0.89292422 | AI20: =SQRT(POWER((H20+Q20+AE20),2)+POWER(P20,2))*POWER(6.3/Z20,2) -> 0.98319054 | AJ20: =37000/1.73/SQRT(POWER((G20+Q20+AE20),2)+P20*P20) -> 776.04344 | AK20: =37000/2/SQRT(POWER((H20+Q20+AE20),2)+P20*P20) -> 609.64785 | AL20: =AK20/1.2 -> 508.03987 | AM20: =AK20/1.5 -> 406.4319 | AN20: =6300/(1.73*AH20) -> 4078.3063 | AO20: =SUM(6300/(2*AI20)) -> 3203.8551
A21: 1 | B21: КРС | C21: ST-7 | D21: 3.4 | E21: Н | F21: Кирьяновская | G21: 2.55 | H21: 5.42 | I21: 5.3 | P21: =0.314*I21+0.249*J21+0.195*M21+0.159*N21+0.06*O21 -> 1.6642 | Q21: =0.4*SUM(I21:O21) -> 2.12 | R21: =SQRT(POWER(P21,2)+POWER(Q21+G21,2)) -> 4.957667 | S21: =SQRT(POWER(P21,2)+POWER(Q21+H21,2)) -> 7.7214741 | T21: =37000/1.73/SQRT(POWER((G21+Q21),2)+P21*P21) -> 4313.9814 | U21: =37000/2/SQRT(P21*P21+POWER((H21+Q21),2)) -> 2395.9156 | V21: 1 | W21: ТМН 4000/35 | X21: 4 | Y21: 11 | Z21: 35 | AA21: 6.3 | AB21: 7.2 | AC21: 66/367 | AE21: =AB21/100*Z21*Z21/X21 -> 22.05 | AF21: =SQRT(POWER(P21,2)+POWER(Q21+AE21+G21,2)) -> 26.771775 | AG21: =SQRT(POWER(P21,2)+POWER(Q21+AE21+H21,2)) -> 29.636762 | AH21: =SQRT(POWER((AE21+Q21+G21),2)+POWER(P21,2))*POWER(6.3/Z21,2) -> 0.86740553 | AI21: =SQRT(POWER((H21+Q21+AE21),2)+POWER(P21,2))*POWER(6.3/Z21,2) -> 0.96023109 | AJ21: =37000/1.73/SQRT(POWER((G21+Q21+AE21),2)+P21*P21) -> 798.87429 | AK21: =37000/2/SQRT(POWER((H21+Q21+AE21),2)+P21*P21) -> 624.22474 | AL21: =AK21/1.2 -> 520.18728 | AM21: =AK21/1.5 -> 416.14983 | AN21: =6300/(1.73*AH21) -> 4198.2883 | AO21: =SUM(6300/(2*AI21)) -> 3280.4603
A22: 1 | D22: 3.4 | E22: Н | F22: Кирьяновская | G22: 2.55 | H22: 5.42 | I22: 5.3 | P22: =0.314*I22+0.249*J22+0.195*M22+0.159*N22+0.06*O22 -> 1.6642 | Q22: =0.4*SUM(I22:O22) -> 2.12 | R22: =SQRT(POWER(P22,2)+POWER(Q22+G22,2)) -> 4.957667 | S22: =SQRT(POWER(P22,2)+POWER(Q22+H22,2)) -> 7.7214741 | T22: =37000/1.73/SQRT(POWER((G22+Q22),2)+P22*P22) -> 4313.9814 | U22: =37000/2/SQRT(P22*P22+POWER((H22+Q22),2)) -> 2395.9156 | V22: 2 | W22: ТМН 4000/35 | X22: 4 | Y22: 11 | Z22: 35 | AA22: 6.3 | AB22: 7.2 | AC22: 66/367 | AE22: =AB22/100*Z22*Z22/X22 -> 22.05 | AF22: =SQRT(POWER(P22,2)+POWER(Q22+AE22+G22,2)) -> 26.771775 | AG22: =SQRT(POWER(P22,2)+POWER(Q22+AE22+H22,2)) -> 29.636762 | AH22: =SQRT(POWER((AE22+Q22+G22),2)+POWER(P22,2))*POWER(6.3/Z22,2) -> 0.86740553 | AI22: =SQRT(POWER((H22+Q22+AE22),2)+POWER(P22,2))*POWER(6.3/Z22,2) -> 0.96023109 | AJ22: =37000/1.73/SQRT(POWER((G22+Q22+AE22),2)+P22*P22) -> 798.87429 | AK22: =37000/2/SQRT(POWER((H22+Q22+AE22),2)+P22*P22) -> 624.22474 | AL22: =AK22/1.2 -> 520.18728 | AM22: =AK22/1.5 -> 416.14983 | AN22: =6300/(1.73*AH22) -> 4198.2883 | AO22: =SUM(6300/(2*AI22)) -> 3280.4603
A23: 1 | B23: Куст-220 | C23: К-63 | D23: 5.6 | E23: Н | F23: Кирьяновская | G23: 2.55 | H23: 5.42 | J23: 10.92 | K23: 0.08 | P23: =0.314*I23+0.249*J23+0.37*K23+0.195*M23+0.159*N23+0.06*O23 -> 2.74868 | Q23: =0.4*I23+0.4*J23+0.083*K23+0.4*M23+0.4*N23+0.4*O23 -> 4.37464 | R23: =SQRT(POWER(P23,2)+POWER(Q23+G23,2)) -> 7.4502269 | S23: =SQRT(POWER(P23,2)+POWER(Q23+H23,2)) -> 10.173014 | T23: =37000/1.73/SQRT(POWER((G23+Q23),2)+P23*P23) -> 2870.6888 | U23: =37000/2/SQRT(P23*P23+POWER((H23+Q23),2)) -> 1818.5368 | V23: 1 | W23: TМН-4000/35-73 | X23: 4 | Y23: 11 | Z23: 35 | AA23: 6.3 | AB23: 7.6 | AC23: 66/367 | AD23: 10 | AE23: =AB23/100*Z23*Z23/X23 -> 23.275 | AF23: =SQRT(POWER(P23,2)+POWER(Q23+AE23+G23,2)) -> 30.32447 | AG23: =SQRT(POWER(P23,2)+POWER(Q23+AE23+H23,2)) -> 33.183676 | AH23: =SQRT(POWER((AE23+Q23+G23),2)+POWER(P23,2))*POWER(6.3/Z23,2) -> 0.98251284 | AI23: =SQRT(POWER((H23+Q23+AE23),2)+POWER(P23,2))*POWER(6.3/Z23,2) -> 1.0751511 | AJ23: =37000/1.73/SQRT(POWER((G23+Q23+AE23),2)+P23*P23) -> 705.28135 | AK23: =37000/2/SQRT(POWER((H23+Q23+AE23),2)+P23*P23) -> 557.50304 | AL23: =AK23/1.2 -> 464.58586 | AM23: =AK23/1.5 -> 371.66869 | AN23: =6300/(1.73*AH23) -> 3706.4335 | AO23: =SUM(6300/(2*AI23)) -> 2929.8208
A24: 1 | D24: 5.6 | E24: Н | F24: Кирьяновская | G24: 2.55 | H24: 5.42 | J24: 10.92 | K24: 0.08 | P24: =0.314*I24+0.249*J24+0.37*K24+0.195*M24+0.159*N24+0.06*O24 -> 2.74868 | Q24: =0.4*I24+0.4*J24+0.083*K24+0.4*M24+0.4*N24+0.4*O24 -> 4.37464 | R24: =SQRT(POWER(P24,2)+POWER(Q24+G24,2)) -> 7.4502269 | S24: =SQRT(POWER(P24,2)+POWER(Q24+H24,2)) -> 10.173014 | T24: =37000/1.73/SQRT(POWER((G24+Q24),2)+P24*P24) -> 2870.6888 | U24: =37000/2/SQRT(P24*P24+POWER((H24+Q24),2)) -> 1818.5368 | V24: 2 | W24: TМН-4000/35-73 | X24: 4 | Y24: 11 | Z24: 35 | AA24: 6.3 | AB24: 7.69 | AC24: 66/367 | AD24: 10 | AE24: =AB24/100*Z24*Z24/X24 -> 23.550625 | AF24: =SQRT(POWER(P24,2)+POWER(Q24+AE24+G24,2)) -> 30.598971 | AG24: =SQRT(POWER(P24,2)+POWER(Q24+AE24+H24,2)) -> 33.458361 | AH24: =SQRT(POWER((AE24+Q24+G24),2)+POWER(P24,2))*POWER(6.3/Z24,2) -> 0.99140666 | AI24: =SQRT(POWER((H24+Q24+AE24),2)+POWER(P24,2))*POWER(6.3/Z24,2) -> 1.0840509 | AJ24: =37000/1.73/SQRT(POWER((G24+Q24+AE24),2)+P24*P24) -> 698.95433 | AK24: =37000/2/SQRT(POWER((H24+Q24+AE24),2)+P24*P24) -> 552.92606 | AL24: =AK24/1.2 -> 460.77172 | AM24: =AK24/1.5 -> 368.61738 | AN24: =6300/(1.73*AH24) -> 3673.1834 | AO24: =SUM(6300/(2*AI24)) -> 2905.7676
A25: 1 | B25: ДНС-2В | C25: К-47 | D25: 4.6 | E25: А | F25: Ватинская | G25: 4.13 | H25: 6.96 | J25: 6.1 | P25: =0.314*I25+0.249*J25+0.195*M25+0.159*N25+0.06*O25 -> 1.5189 | Q25: =0.4*SUM(I25:O25) -> 2.44 | R25: =SQRT(POWER(P25,2)+POWER(Q25+G25,2)) -> 6.7432898 | S25: =SQRT(POWER(P25,2)+POWER(Q25+H25,2)) -> 9.5219251 | T25: =37000/1.73/SQRT(POWER((G25+Q25),2)+P25*P25) -> 3171.6393 | U25: =37000/2/SQRT(P25*P25+POWER((H25+Q25),2)) -> 1942.8844 | V25: 1 | W25: TМН-4000/35 | X25: 4 | Y25: 11 | Z25: 35 | AA25: 6.3 | AB25: 7.67 | AC25: 66/367 | AD25: 9 | AE25: =AB25/100*Z25*Z25/X25 -> 23.489375 | AF25: =SQRT(POWER(P25,2)+POWER(Q25+AE25+G25,2)) -> 30.097726 | AG25: =SQRT(POWER(P25,2)+POWER(Q25+AE25+H25,2)) -> 32.924429 | AH25: =SQRT(POWER((AE25+Q25+G25),2)+POWER(P25,2))*POWER(6.3/Z25,2) -> 0.97516631 | AI25: =SQRT(POWER((H25+Q25+AE25),2)+POWER(P25,2))*POWER(6.3/Z25,2) -> 1.0667515 | AJ25: =37000/1.73/SQRT(POWER((G25+Q25+AE25),2)+P25*P25) -> 710.59467 | AK25: =37000/2/SQRT(POWER((H25+Q25+AE25),2)+P25*P25) -> 561.89281 | AL25: =AK25/1.2 -> 468.24401 | AM25: =AK25/1.5 -> 374.5952 | AN25: =6300/(1.73*AH25) -> 3734.3564 | AO25: =SUM(6300/(2*AI25)) -> 2952.8901
A26: 1 | D26: 4.6 | E26: А | F26: Ватинская | G26: 4.13 | H26: 6.96 | J26: 6.1 | P26: =0.314*I26+0.249*J26+0.195*M26+0.159*N26+0.06*O26 -> 1.5189 | Q26: =0.4*SUM(I26:O26) -> 2.44 | R26: =SQRT(POWER(P26,2)+POWER(Q26+G26,2)) -> 6.7432898 | S26: =SQRT(POWER(P26,2)+POWER(Q26+H26,2)) -> 9.5219251 | T26: =37000/1.73/SQRT(POWER((G26+Q26),2)+P26*P26) -> 3171.6393 | U26: =37000/2/SQRT(P26*P26+POWER((H26+Q26),2)) -> 1942.8844 | V26: 2 | W26: TМН-4000/35 | X26: 4 | Y26: 11 | Z26: 35 | AA26: 6.3 | AB26: 7.6 | AC26: 66/367 | AD26: 12 | AE26: =AB26/100*Z26*Z26/X26 -> 23.275 | AF26: =SQRT(POWER(P26,2)+POWER(Q26+AE26+G26,2)) -> 29.883626 | AG26: =SQRT(POWER(P26,2)+POWER(Q26+AE26+H26,2)) -> 32.710284 | AH26: =SQRT(POWER((AE26+Q26+G26),2)+POWER(P26,2))*POWER(6.3/Z26,2) -> 0.96822947 | AI26: =SQRT(POWER((H26+Q26+AE26),2)+POWER(P26,2))*POWER(6.3/Z26,2) -> 1.0598132 | AJ26: =37000/1.73/SQRT(POWER((G26+Q26+AE26),2)+P26*P26) -> 715.68569 | AK26: =37000/2/SQRT(POWER((H26+Q26+AE26),2)+P26*P26) -> 565.57137 | AL26: =AK26/1.2 -> 471.30947 | AM26: =AK26/1.5 -> 377.04758 | AN26: =6300/(1.73*AH26) -> 3761.111 | AO26: =SUM(6300/(2*AI26)) -> 2972.2219
A27: 1 | B27: КНС-4В | C27: К-47 | D27: 4.6 | E27: А | F27: Ватинская | G27: 4.13 | H27: 6.96 | J27: 10.58 | P27: =0.314*I27+0.249*J27+0.195*M27+0.159*N27+0.06*O27 -> 2.63442 | Q27: =0.4*SUM(I27:O27) -> 4.232 | R27: =SQRT(POWER(P27,2)+POWER(Q27+G27,2)) -> 8.7671667 | S27: =SQRT(POWER(P27,2)+POWER(Q27+H27,2)) -> 11.497871 | T27: =37000/1.73/SQRT(POWER((G27+Q27),2)+P27*P27) -> 2439.4749 | U27: =37000/2/SQRT(P27*P27+POWER((H27+Q27),2)) -> 1608.9936 | V27: 1 | W27: ТМН 6300/35 | X27: 6.3 | Y27: 11 | Z27: 35 | AA27: 6.3 | AB27: 7.82 | AC27: 103,9/577,3 | AE27: =AB27/100*Z27*Z27/X27 -> 15.205556 | AF27: =SQRT(POWER(P27,2)+POWER(Q27+AE27+G27,2)) -> 23.714338 | AG27: =SQRT(POWER(P27,2)+POWER(Q27+AE27+H27,2)) -> 26.528685 | AH27: =SQRT(POWER((AE27+Q27+G27),2)+POWER(P27,2))*POWER(6.3/Z27,2) -> 0.76834456 | AI27: =SQRT(POWER((H27+Q27+AE27),2)+POWER(P27,2))*POWER(6.3/Z27,2) -> 0.85952938 | AJ27: =37000/1.73/SQRT(POWER((G27+Q27+AE27),2)+P27*P27) -> 901.87139 | AK27: =37000/2/SQRT(POWER((H27+Q27+AE27),2)+P27*P27) -> 697.35836 | AL27: =AK27/1.2 -> 581.13197 | AM27: =AK27/1.5 -> 464.90557 | AN27: =6300/(1.73*AH27) -> 4739.5643 | AO27: =SUM(6300/(2*AI27)) -> 3664.7962
A28: 1 | D28: 4.6 | E28: А | F28: Ватинская | G28: 4.13 | H28: 6.96 | J28: 10.58 | P28: =0.314*I28+0.249*J28+0.195*M28+0.159*N28+0.06*O28 -> 2.63442 | Q28: =0.4*SUM(I28:O28) -> 4.232 | R28: =SQRT(POWER(P28,2)+POWER(Q28+G28,2)) -> 8.7671667 | S28: =SQRT(POWER(P28,2)+POWER(Q28+H28,2)) -> 11.497871 | T28: =37000/1.73/SQRT(POWER((G28+Q28),2)+P28*P28) -> 2439.4749 | U28: =37000/2/SQRT(P28*P28+POWER((H28+Q28),2)) -> 1608.9936 | V28: 2 | W28: ТМН 6300/35 | X28: 6.3 | Y28: 11 | Z28: 35 | AA28: 6.3 | AB28: 7.94 | AC28: 103,9/577,3 | AE28: =AB28/100*Z28*Z28/X28 -> 15.438889 | AF28: =SQRT(POWER(P28,2)+POWER(Q28+AE28+G28,2)) -> 23.946241 | AG28: =SQRT(POWER(P28,2)+POWER(Q28+AE28+H28,2)) -> 26.760875 | AH28: =SQRT(POWER((AE28+Q28+G28),2)+POWER(P28,2))*POWER(6.3/Z28,2) -> 0.77585822 | AI28: =SQRT(POWER((H28+Q28+AE28),2)+POWER(P28,2))*POWER(6.3/Z28,2) -> 0.86705234 | AJ28: =37000/1.73/SQRT(POWER((G28+Q28+AE28),2)+P28*P28) -> 893.13737 | AK28: =37000/2/SQRT(POWER((H28+Q28+AE28),2)+P28*P28) -> 691.30775 | AL28: =AK28/1.2 -> 576.08979 | AM28: =AK28/1.5 -> 460.87183 | AN28: =6300/(1.73*AH28) -> 4693.6649 | AO28: =SUM(6300/(2*AI28)) -> 3632.9987
A29: 1 | B29: КНС-5В | C29: К-47 | D29: 5.6 | E29: А | F29: Кирьяновская | G29: 2.55 | H29: 5.42 | J29: 10.63 | P29: =0.314*I29+0.249*J29+0.195*M29+0.159*N29+0.06*O29 -> 2.64687 | Q29: =0.4*SUM(I29:O29) -> 4.252 | R29: =SQRT(POWER(P29,2)+POWER(Q29+G29,2)) -> 7.2988441 | S29: =SQRT(POWER(P29,2)+POWER(Q29+H29,2)) -> 10.027637 | T29: =37000/1.73/SQRT(POWER((G29+Q29),2)+P29*P29) -> 2930.2288 | U29: =37000/2/SQRT(P29*P29+POWER((H29+Q29),2)) -> 1844.9012 | V29: 1 | W29: ТМН 6300/35 | X29: 6.3 | Y29: 11 | Z29: 35 | AA29: 6.3 | AB29: 7.94 | AC29: 103,9/577,3 | AD29: 5 | AE29: =AB29/100*Z29*Z29/X29 -> 15.438889 | AF29: =SQRT(POWER(P29,2)+POWER(Q29+AE29+G29,2)) -> 22.397836 | AG29: =SQRT(POWER(P29,2)+POWER(Q29+AE29+H29,2)) -> 25.250003 | AH29: =SQRT(POWER((AE29+Q29+G29),2)+POWER(P29,2))*POWER(6.3/Z29,2) -> 0.72568989 | AI29: =SQRT(POWER((H29+Q29+AE29),2)+POWER(P29,2))*POWER(6.3/Z29,2) -> 0.8181001 | AJ29: =37000/1.73/SQRT(POWER((G29+Q29+AE29),2)+P29*P29) -> 954.88168 | AK29: =37000/2/SQRT(POWER((H29+Q29+AE29),2)+P29*P29) -> 732.67317 | AL29: =AK29/1.2 -> 610.56098 | AM29: =AK29/1.5 -> 488.44878 | AN29: =6300/(1.73*AH29) -> 5018.147 | AO29: =SUM(6300/(2*AI29)) -> 3850.3846
A30: 1 | D30: 5.6 | E30: А | F30: Кирьяновская | G30: 2.55 | H30: 5.42 | J30: 10.63 | P30: =0.314*I30+0.249*J30+0.195*M30+0.159*N30+0.06*O30 -> 2.64687 | Q30: =0.4*SUM(I30:O30) -> 4.252 | R30: =SQRT(POWER(P30,2)+POWER(Q30+G30,2)) -> 7.2988441 | S30: =SQRT(POWER(P30,2)+POWER(Q30+H30,2)) -> 10.027637 | T30: =37000/1.73/SQRT(POWER((G30+Q30),2)+P30*P30) -> 2930.2288 | U30: =37000/2/SQRT(P30*P30+POWER((H30+Q30),2)) -> 1844.9012 | V30: 2 | W30: ТМН 6300/35 | X30: 6.3 | Y30: 11 | Z30: 35 | AA30: 6.3 | AB30: 7.96 | AC30: 103,9/577,3 | AD30: 5 | AE30: =AB30/100*Z30*Z30/X30 -> 15.477778 | AF30: =SQRT(POWER(P30,2)+POWER(Q30+AE30+G30,2)) -> 22.436453 | AG30: =SQRT(POWER(P30,2)+POWER(Q30+AE30+H30,2)) -> 25.288678 | AH30: =SQRT(POWER((AE30+Q30+G30),2)+POWER(P30,2))*POWER(6.3/Z30,2) -> 0.72694107 | AI30: =SQRT(POWER((H30+Q30+AE30),2)+POWER(P30,2))*POWER(6.3/Z30,2) -> 0.81935317 | AJ30: =37000/1.73/SQRT(POWER((G30+Q30+AE30),2)+P30*P30) -> 953.23817 | AK30: =37000/2/SQRT(POWER((H30+Q30+AE30),2)+P30*P30) -> 731.55267 | AL30: =AK30/1.2 -> 609.62722 | AM30: =AK30/1.5 -> 487.70178 | AN30: =6300/(1.73*AH30) -> 5009.5099 | AO30: =SUM(6300/(2*AI30)) -> 3844.496
A31: 1 | B31: КНС-8В | C31: К-47 | D31: 4.6 | E31: А | F31: Ватинская | G31: 4.13 | H31: 6.96 | J31: 6.83 | P31: =0.314*I31+0.249*J31+0.195*M31+0.159*N31+0.06*O31 -> 1.70067 | Q31: =0.4*SUM(I31:O31) -> 2.732 | R31: =SQRT(POWER(P31,2)+POWER(Q31+G31,2)) -> 7.0696055 | S31: =SQRT(POWER(P31,2)+POWER(Q31+H31,2)) -> 9.8400784 | T31: =37000/1.73/SQRT(POWER((G31+Q31),2)+P31*P31) -> 3025.2442 | U31: =37000/2/SQRT(P31*P31+POWER((H31+Q31),2)) -> 1880.0663 | V31: 1 | W31: ТМН 6300/35 | X31: 6.3 | Y31: 11 | Z31: 35 | AA31: 6.3 | AB31: 7.41 | AC31: 103,9/577,3 | AD31: 12 | AE31: =AB31/100*Z31*Z31/X31 -> 14.408333 | AF31: =SQRT(POWER(P31,2)+POWER(Q31+AE31+G31,2)) -> 21.338214 | AG31: =SQRT(POWER(P31,2)+POWER(Q31+AE31+H31,2)) -> 24.160264 | AH31: =SQRT(POWER((AE31+Q31+G31),2)+POWER(P31,2))*POWER(6.3/Z31,2) -> 0.69135812 | AI31: =SQRT(POWER((H31+Q31+AE31),2)+POWER(P31,2))*POWER(6.3/Z31,2) -> 0.78279255 | AJ31: =37000/1.73/SQRT(POWER((G31+Q31+AE31),2)+P31*P31) -> 1002.2996 | AK31: =37000/2/SQRT(POWER((H31+Q31+AE31),2)+P31*P31) -> 765.72012 | AL31: =AK31/1.2 -> 638.1001 | AM31: =AK31/1.5 -> 510.48008 | AN31: =6300/(1.73*AH31) -> 5267.3403 | AO31: =SUM(6300/(2*AI31)) -> 4024.0547
A32: 1 | D32: 4.6 | E32: А | F32: Ватинская | G32: 4.13 | H32: 6.96 | J32: 6.83 | P32: =0.314*I32+0.249*J32+0.195*M32+0.159*N32+0.06*O32 -> 1.70067 | Q32: =0.4*SUM(I32:O32) -> 2.732 | R32: =SQRT(POWER(P32,2)+POWER(Q32+G32,2)) -> 7.0696055 | S32: =SQRT(POWER(P32,2)+POWER(Q32+H32,2)) -> 9.8400784 | T32: =37000/1.73/SQRT(POWER((G32+Q32),2)+P32*P32) -> 3025.2442 | U32: =37000/2/SQRT(P32*P32+POWER((H32+Q32),2)) -> 1880.0663 | V32: 2 | W32: ТМН 6300/35 | X32: 6.3 | Y32: 11 | Z32: 35 | AA32: 6.3 | AB32: 8.02 | AC32: 103,9/577,3 | AD32: 12 | AE32: =AB32/100*Z32*Z32/X32 -> 15.594444 | AF32: =SQRT(POWER(P32,2)+POWER(Q32+AE32+G32,2)) -> 22.52075 | AG32: =SQRT(POWER(P32,2)+POWER(Q32+AE32+H32,2)) -> 25.34357 | AH32: =SQRT(POWER((AE32+Q32+G32),2)+POWER(P32,2))*POWER(6.3/Z32,2) -> 0.7296723 | AI32: =SQRT(POWER((H32+Q32+AE32),2)+POWER(P32,2))*POWER(6.3/Z32,2) -> 0.82113167 | AJ32: =37000/1.73/SQRT(POWER((G32+Q32+AE32),2)+P32*P32) -> 949.67012 | AK32: =37000/2/SQRT(POWER((H32+Q32+AE32),2)+P32*P32) -> 729.96819 | AL32: =AK32/1.2 -> 608.30682 | AM32: =AK32/1.5 -> 486.64546 | AN32: =6300/(1.73*AH32) -> 4990.7589 | AO32: =SUM(6300/(2*AI32)) -> 3836.1692
A33: 1 | B33: Куст-47 | C33: ST-7 | D33: 5.6 | E33: А | F33: Кирьяновская | G33: 2.55 | H33: 5.42 | J33: 10.53 | P33: =0.314*I33+0.249*J33+0.195*M33+0.159*N33+0.06*O33 -> 2.62197 | Q33: =0.4*SUM(I33:O33) -> 4.212 | R33: =SQRT(POWER(P33,2)+POWER(Q33+G33,2)) -> 7.2525424 | S33: =SQRT(POWER(P33,2)+POWER(Q33+H33,2)) -> 9.9824922 | T33: =37000/1.73/SQRT(POWER((G33+Q33),2)+P33*P33) -> 2948.936 | U33: =37000/2/SQRT(P33*P33+POWER((H33+Q33),2)) -> 1853.2446 | V33: 1 | W33: TONb 4000/35 | X33: 4 | Y33: 11 | Z33: 35 | AA33: 6.3 | AB33: 6.14 | AC33: 66/367 | AD33: 5 | AE33: =AB33/100*Z33*Z33/X33 -> 18.80375 | AF33: =SQRT(POWER(P33,2)+POWER(Q33+AE33+G33,2)) -> 25.69985 | AG33: =SQRT(POWER(P33,2)+POWER(Q33+AE33+H33,2)) -> 28.556376 | AH33: =SQRT(POWER((AE33+Q33+G33),2)+POWER(P33,2))*POWER(6.3/Z33,2) -> 0.83267515 | AI33: =SQRT(POWER((H33+Q33+AE33),2)+POWER(P33,2))*POWER(6.3/Z33,2) -> 0.92522658 | AJ33: =37000/1.73/SQRT(POWER((G33+Q33+AE33),2)+P33*P33) -> 832.19486 | AK33: =37000/2/SQRT(POWER((H33+Q33+AE33),2)+P33*P33) -> 647.84131 | AL33: =AK33/1.2 -> 539.86776 | AM33: =AK33/1.5 -> 431.89421 | AN33: =6300/(1.73*AH33) -> 4373.3964 | AO33: =SUM(6300/(2*AI33)) -> 3404.5715
A34: 1 | D34: 5.6 | E34: А | F34: Кирьяновская | G34: 2.55 | H34: 5.42 | J34: 10.53 | P34: =0.314*I34+0.249*J34+0.195*M34+0.159*N34+0.06*O34 -> 2.62197 | Q34: =0.4*SUM(I34:O34) -> 4.212 | R34: =SQRT(POWER(P34,2)+POWER(Q34+G34,2)) -> 7.2525424 | S34: =SQRT(POWER(P34,2)+POWER(Q34+H34,2)) -> 9.9824922 | T34: =37000/1.73/SQRT(POWER((G34+Q34),2)+P34*P34) -> 2948.936 | U34: =37000/2/SQRT(P34*P34+POWER((H34+Q34),2)) -> 1853.2446 | V34: 2 | W34: TONb 4000/35 | X34: 4 | Y34: 11 | Z34: 35 | AA34: 6.3 | AB34: 6.26 | AC34: 66/367 | AD34: 5 | AE34: =AB34/100*Z34*Z34/X34 -> 19.17125 | AF34: =SQRT(POWER(P34,2)+POWER(Q34+AE34+G34,2)) -> 26.06546 | AG34: =SQRT(POWER(P34,2)+POWER(Q34+AE34+H34,2)) -> 28.922343 | AH34: =SQRT(POWER((AE34+Q34+G34),2)+POWER(P34,2))*POWER(6.3/Z34,2) -> 0.84452089 | AI34: =SQRT(POWER((H34+Q34+AE34),2)+POWER(P34,2))*POWER(6.3/Z34,2) -> 0.93708392 | AJ34: =37000/1.73/SQRT(POWER((G34+Q34+AE34),2)+P34*P34) -> 820.52201 | AK34: =37000/2/SQRT(POWER((H34+Q34+AE34),2)+P34*P34) -> 639.64389 | AL34: =AK34/1.2 -> 533.03657 | AM34: =AK34/1.5 -> 426.42926 | AN34: =6300/(1.73*AH34) -> 4312.0526 | AO34: =SUM(6300/(2*AI34)) -> 3361.4919
A35: 1 | B35: Куст-47 новая | C35: АльянсЭлектро | D35: 5.6 | E35: А | F35: Кирьяновская | G35: 2.55 | H35: 5.42 | J35: 10.53 | P35: =0.314*I35+0.249*J35+0.195*M35+0.159*N35+0.06*O35 -> 2.62197 | Q35: =0.4*SUM(I35:O35) -> 4.212 | R35: =SQRT(POWER(P35,2)+POWER(Q35+G35,2)) -> 7.2525424 | S35: =SQRT(POWER(P35,2)+POWER(Q35+H35,2)) -> 9.9824922 | T35: =37000/1.73/SQRT(POWER((G35+Q35),2)+P35*P35) -> 2948.936 | U35: =37000/2/SQRT(P35*P35+POWER((H35+Q35),2)) -> 1853.2446 | V35: 1 | W35: 6300/35 | X35: 6.3 | Y35: 11 | Z35: 35 | AA35: 6.3 | AB35: 7.92 | AC35: 66/367 | AD35: 5 | AE35: =AB35/100*Z35*Z35/X35 -> 15.4 | AF35: =SQRT(POWER(P35,2)+POWER(Q35+AE35+G35,2)) -> 22.316563 | AG35: =SQRT(POWER(P35,2)+POWER(Q35+AE35+H35,2)) -> 25.168944 | AH35: =SQRT(POWER((AE35+Q35+G35),2)+POWER(P35,2))*POWER(6.3/Z35,2) -> 0.72305663 | AI35: =SQRT(POWER((H35+Q35+AE35),2)+POWER(P35,2))*POWER(6.3/Z35,2) -> 0.81547379 | AJ35: =37000/1.73/SQRT(POWER((G35+Q35+AE35),2)+P35*P35) -> 958.3592 | AK35: =37000/2/SQRT(POWER((H35+Q35+AE35),2)+P35*P35) -> 735.03282 | AL35: =AK35/1.2 -> 612.52735 | AM35: =AK35/1.5 -> 490.02188 | AN35: =6300/(1.73*AH35) -> 5036.4222 | AO35: =SUM(6300/(2*AI35)) -> 3862.7851
A36: 1 | D36: 5.6 | E36: А | F36: Кирьяновская | G36: 2.55 | H36: 5.42 | J36: 10.53 | P36: =0.314*I36+0.249*J36+0.195*M36+0.159*N36+0.06*O36 -> 2.62197 | Q36: =0.4*SUM(I36:O36) -> 4.212 | R36: =SQRT(POWER(P36,2)+POWER(Q36+G36,2)) -> 7.2525424 | S36: =SQRT(POWER(P36,2)+POWER(Q36+H36,2)) -> 9.9824922 | T36: =37000/1.73/SQRT(POWER((G36+Q36),2)+P36*P36) -> 2948.936 | U36: =37000/2/SQRT(P36*P36+POWER((H36+Q36),2)) -> 1853.2446 | V36: 2 | W36: 6300/35 | X36: 6.3 | Y36: 11 | Z36: 35 | AA36: 6.3 | AB36: 8.1 | AC36: 66/367 | AD36: 5 | AE36: =AB36/100*Z36*Z36/X36 -> 15.75 | AF36: =SQRT(POWER(P36,2)+POWER(Q36+AE36+G36,2)) -> 22.664176 | AG36: =SQRT(POWER(P36,2)+POWER(Q36+AE36+H36,2)) -> 25.517066 | AH36: =SQRT(POWER((AE36+Q36+G36),2)+POWER(P36,2))*POWER(6.3/Z36,2) -> 0.7343193 | AI36: =SQRT(POWER((H36+Q36+AE36),2)+POWER(P36,2))*POWER(6.3/Z36,2) -> 0.82675293 | AJ36: =37000/1.73/SQRT(POWER((G36+Q36+AE36),2)+P36*P36) -> 943.66031 | AK36: =37000/2/SQRT(POWER((H36+Q36+AE36),2)+P36*P36) -> 725.00499 | AL36: =AK36/1.2 -> 604.17082 | AM36: =AK36/1.5 -> 483.33666 | AN36: =6300/(1.73*AH36) -> 4959.1758 | AO36: =SUM(6300/(2*AI36)) -> 3810.0863
A37: 1 | B37: Куст-53 | C37: К-59 | D37: 3.4 | E37: А | F37: Мартыновская | G37: =Мартыновская!G15 -> 4.9020181 | H37: =Мартыновская!H15 -> 5.2862861 | J37: 8.99 | P37: =0.314*I37+0.249*J37+0.195*M37+0.159*N37+0.06*O37 -> 2.23851 | Q37: =0.4*SUM(I37:O37) -> 3.596 | R37: =SQRT(POWER(P37,2)+POWER(Q37+G37,2)) -> 8.787903 | S37: =SQRT(POWER(P37,2)+POWER(Q37+H37,2)) -> 9.1600182 | T37: =37000/1.73/SQRT(POWER((G37+Q37),2)+P37*P37) -> 2433.7186 | U37: =37000/2/SQRT(P37*P37+POWER((H37+Q37),2)) -> 2019.6466 | V37: 1 | W37: ТМН 6300/35 | X37: 6.3 | Y37: 11 | Z37: 35 | AA37: 6.3 | AB37: 8.01 | AC37: 103,9/577,3 | AE37: =AB37/100*Z37*Z37/X37 -> 15.575 | AF37: =SQRT(POWER(P37,2)+POWER(Q37+AE37+G37,2)) -> 24.176872 | AG37: =SQRT(POWER(P37,2)+POWER(Q37+AE37+H37,2)) -> 24.559515 | AH37: =SQRT(POWER((AE37+Q37+G37),2)+POWER(P37,2))*POWER(6.3/Z37,2) -> 0.78333065 | AI37: =SQRT(POWER((H37+Q37+AE37),2)+POWER(P37,2))*POWER(6.3/Z37,2) -> 0.79572828 | AJ37: =37000/1.73/SQRT(POWER((G37+Q37+AE37),2)+P37*P37) -> 884.61747 | AK37: =37000/2/SQRT(POWER((H37+Q37+AE37),2)+P37*P37) -> 753.27221 | AL37: =AK37/1.2 -> 627.72684 | AM37: =AK37/1.5 -> 502.18147 | AN37: =6300/(1.73*AH37) -> 4648.8906 | AO37: =SUM(6300/(2*AI37)) -> 3958.6377
A38: 1 | D38: 3.4 | E38: А | F38: Мартыновская | G38: =Мартыновская!G16 -> 4.8982573 | H38: =Мартыновская!H16 -> 5.2312064 | J38: 8.99 | P38: =0.314*I38+0.249*J38+0.195*M38+0.159*N38+0.06*O38 -> 2.23851 | Q38: =0.4*SUM(I38:O38) -> 3.596 | R38: =SQRT(POWER(P38,2)+POWER(Q38+G38,2)) -> 8.7842663 | S38: =SQRT(POWER(P38,2)+POWER(Q38+H38,2)) -> 9.1066185 | T38: =37000/1.73/SQRT(POWER((G38+Q38),2)+P38*P38) -> 2434.7262 | U38: =37000/2/SQRT(P38*P38+POWER((H38+Q38),2)) -> 2031.4895 | V38: 2 | W38: ТМН 6300/35 | X38: 6.3 | Y38: 11 | Z38: 35 | AA38: 6.3 | AB38: 8.01 | AC38: 103,9/577,3 | AE38: =AB38/100*Z38*Z38/X38 -> 15.575 | AF38: =SQRT(POWER(P38,2)+POWER(Q38+AE38+G38,2)) -> 24.173127 | AG38: =SQRT(POWER(P38,2)+POWER(Q38+AE38+H38,2)) -> 24.504665 | AH38: =SQRT(POWER((AE38+Q38+G38),2)+POWER(P38,2))*POWER(6.3/Z38,2) -> 0.78320932 | AI38: =SQRT(POWER((H38+Q38+AE38),2)+POWER(P38,2))*POWER(6.3/Z38,2) -> 0.79395114 | AJ38: =37000/1.73/SQRT(POWER((G38+Q38+AE38),2)+P38*P38) -> 884.75451 | AK38: =37000/2/SQRT(POWER((H38+Q38+AE38),2)+P38*P38) -> 754.95829 | AL38: =AK38/1.2 -> 629.13191 | AM38: =AK38/1.5 -> 503.30553 | AN38: =6300/(1.73*AH38) -> 4649.6108 | AO38: =SUM(6300/(2*AI38)) -> 3967.4985
A39: 1 | B39: Куст-120 | C39: ST-7 | D39: 5.6 | E39: А | F39: Кирьяновская | G39: 2.55 | H39: 5.42 | J39: 15.33 | P39: =0.314*I39+0.249*J39+0.195*M39+0.159*N39+0.06*O39 -> 3.81717 | Q39: =0.4*SUM(I39:O39) -> 6.132 | R39: =SQRT(POWER(P39,2)+POWER(Q39+G39,2)) -> 9.4840872 | S39: =SQRT(POWER(P39,2)+POWER(Q39+H39,2)) -> 12.166326 | T39: =37000/1.73/SQRT(POWER((G39+Q39),2)+P39*P39) -> 2255.0703 | U39: =37000/2/SQRT(P39*P39+POWER((H39+Q39),2)) -> 1520.5905 | V39: 1 | W39: TONb 4000/35 | X39: 4 | Y39: 11 | Z39: 35 | AA39: 6.3 | AB39: 6.23 | AC39: 66/367 | AD39: 5 | AE39: =AB39/100*Z39*Z39/X39 -> 19.079375 | AF39: =SQRT(POWER(P39,2)+POWER(Q39+AE39+G39,2)) -> 28.022575 | AG39: =SQRT(POWER(P39,2)+POWER(Q39+AE39+H39,2)) -> 30.8683 | AH39: =SQRT(POWER((AE39+Q39+G39),2)+POWER(P39,2))*POWER(6.3/Z39,2) -> 0.90793144 | AI39: =SQRT(POWER((H39+Q39+AE39),2)+POWER(P39,2))*POWER(6.3/Z39,2) -> 1.0001329 | AJ39: =37000/1.73/SQRT(POWER((G39+Q39+AE39),2)+P39*P39) -> 763.21619 | AK39: =37000/2/SQRT(POWER((H39+Q39+AE39),2)+P39*P39) -> 599.32035 | AL39: =AK39/1.2 -> 499.43362 | AM39: =AK39/1.5 -> 399.5469 | AN39: =6300/(1.73*AH39) -> 4010.8959 | AO39: =SUM(6300/(2*AI39)) -> 3149.5814
A40: 1 | D40: 5.6 | E40: А | F40: Кирьяновская | G40: 2.55 | H40: 5.42 | J40: 15.33 | P40: =0.314*I40+0.249*J40+0.195*M40+0.159*N40+0.06*O40 -> 3.81717 | Q40: =0.4*SUM(I40:O40) -> 6.132 | R40: =SQRT(POWER(P40,2)+POWER(Q40+G40,2)) -> 9.4840872 | S40: =SQRT(POWER(P40,2)+POWER(Q40+H40,2)) -> 12.166326 | T40: =37000/1.73/SQRT(POWER((G40+Q40),2)+P40*P40) -> 2255.0703 | U40: =37000/2/SQRT(P40*P40+POWER((H40+Q40),2)) -> 1520.5905 | V40: 2 | W40: TONb 4000/35 | X40: 4 | Y40: 11 | Z40: 35 | AA40: 6.3 | AB40: 6.23 | AC40: 66/367 | AD40: 5 | AE40: =AB40/100*Z40*Z40/X40 -> 19.079375 | AF40: =SQRT(POWER(P40,2)+POWER(Q40+AE40+G40,2)) -> 28.022575 | AG40: =SQRT(POWER(P40,2)+POWER(Q40+AE40+H40,2)) -> 30.8683 | AH40: =SQRT(POWER((AE40+Q40+G40),2)+POWER(P40,2))*POWER(6.3/Z40,2) -> 0.90793144 | AI40: =SQRT(POWER((H40+Q40+AE40),2)+POWER(P40,2))*POWER(6.3/Z40,2) -> 1.0001329 | AJ40: =37000/1.73/SQRT(POWER((G40+Q40+AE40),2)+P40*P40) -> 763.21619 | AK40: =37000/2/SQRT(POWER((H40+Q40+AE40),2)+P40*P40) -> 599.32035 | AL40: =AK40/1.2 -> 499.43362 | AM40: =AK40/1.5 -> 399.5469 | AN40: =6300/(1.73*AH40) -> 4010.8959 | AO40: =SUM(6300/(2*AI40)) -> 3149.5814
A41: 1 | B41: Куст-211 | C41: ST-7 | D41: 5.6 | E41: А | F41: Кирьяновская | G41: 2.55 | H41: 5.42 | J41: 22.83 | P41: =0.314*I41+0.249*J41+0.195*M41+0.159*N41+0.06*O41 -> 5.68467 | Q41: =0.4*SUM(I41:O41) -> 9.132 | R41: =SQRT(POWER(P41,2)+POWER(Q41+G41,2)) -> 12.991713 | S41: =SQRT(POWER(P41,2)+POWER(Q41+H41,2)) -> 15.622938 | T41: =37000/1.73/SQRT(POWER((G41+Q41),2)+P41*P41) -> 1646.2251 | U41: =37000/2/SQRT(P41*P41+POWER((H41+Q41),2)) -> 1184.1563 | V41: 1 | W41: ТМН 6300/35 | X41: 6.3 | Y41: 11 | Z41: 35 | AA41: 6.3 | AB41: 7.66 | AC41: 103,9/577,3 | AD41: 5 | AE41: =AB41/100*Z41*Z41/X41 -> 14.894444 | AF41: =SQRT(POWER(P41,2)+POWER(Q41+AE41+G41,2)) -> 27.177617 | AG41: =SQRT(POWER(P41,2)+POWER(Q41+AE41+H41,2)) -> 29.990141 | AH41: =SQRT(POWER((AE41+Q41+G41),2)+POWER(P41,2))*POWER(6.3/Z41,2) -> 0.88055479 | AI41: =SQRT(POWER((H41+Q41+AE41),2)+POWER(P41,2))*POWER(6.3/Z41,2) -> 0.97168057 | AJ41: =37000/1.73/SQRT(POWER((G41+Q41+AE41),2)+P41*P41) -> 786.94475 | AK41: =37000/2/SQRT(POWER((H41+Q41+AE41),2)+P41*P41) -> 616.86939 | AL41: =AK41/1.2 -> 514.05782 | AM41: =AK41/1.5 -> 411.24626 | AN41: =6300/(1.73*AH41) -> 4135.5956 | AO41: =SUM(6300/(2*AI41)) -> 3241.8061
A42: 1 | D42: 5.6 | E42: А | F42: Кирьяновская | G42: 2.55 | H42: 5.42 | J42: 22.83 | P42: =0.314*I42+0.249*J42+0.195*M42+0.159*N42+0.06*O42 -> 5.68467 | Q42: =0.4*SUM(I42:O42) -> 9.132 | R42: =SQRT(POWER(P42,2)+POWER(Q42+G42,2)) -> 12.991713 | S42: =SQRT(POWER(P42,2)+POWER(Q42+H42,2)) -> 15.622938 | T42: =37000/1.73/SQRT(POWER((G42+Q42),2)+P42*P42) -> 1646.2251 | U42: =37000/2/SQRT(P42*P42+POWER((H42+Q42),2)) -> 1184.1563 | V42: 2 | W42: ТМН 6300/35 | X42: 6.3 | Y42: 11 | Z42: 35 | AA42: 6.3 | AB42: 7.61 | AC42: 103,9/577,3 | AD42: 5 | AE42: =AB42/100*Z42*Z42/X42 -> 14.797222 | AF42: =SQRT(POWER(P42,2)+POWER(Q42+AE42+G42,2)) -> 27.082553 | AG42: =SQRT(POWER(P42,2)+POWER(Q42+AE42+H42,2)) -> 29.894687 | AH42: =SQRT(POWER((AE42+Q42+G42),2)+POWER(P42,2))*POWER(6.3/Z42,2) -> 0.87747472 | AI42: =SQRT(POWER((H42+Q42+AE42),2)+POWER(P42,2))*POWER(6.3/Z42,2) -> 0.96858786 | AJ42: =37000/1.73/SQRT(POWER((G42+Q42+AE42),2)+P42*P42) -> 789.70705 | AK42: =37000/2/SQRT(POWER((H42+Q42+AE42),2)+P42*P42) -> 618.83906 | AL42: =AK42/1.2 -> 515.69921 | AM42: =AK42/1.5 -> 412.55937 | AN42: =6300/(1.73*AH42) -> 4150.1121 | AO42: =SUM(6300/(2*AI42)) -> 3252.1572
A43: 1 | B43: Куст-220 | C43: К-63 | D43: 4.6 | E43: А | F43: Ватинская | G43: 4.13 | H43: 6.96 | J43: 15.75 | K43: 0.08 | P43: =0.314*I43+0.249*J43+0.37*K43+0.195*M43+0.159*N43+0.06*O43 -> 3.95135 | Q43: =0.4*I43+0.4*J43+0.083*K43+0.4*M43+0.4*N43+0.4*O43 -> 6.30664 | R43: =SQRT(POWER(P43,2)+POWER(Q43+G43,2)) -> 11.159598 | S43: =SQRT(POWER(P43,2)+POWER(Q43+H43,2)) -> 13.842576 | T43: =37000/1.73/SQRT(POWER((G43+Q43),2)+P43*P43) -> 1916.4923 | U43: =37000/2/SQRT(P43*P43+POWER((H43+Q43),2)) -> 1336.4565 | V43: 1 | W43: TМН-4000/35-73 | X43: 4 | Y43: 11 | Z43: 35 | AA43: 6.3 | AB43: 7.6 | AC43: 66/367 | AD43: 10 | AE43: =AB43/100*Z43*Z43/X43 -> 23.275 | AF43: =SQRT(POWER(P43,2)+POWER(Q43+AE43+G43,2)) -> 33.942419 | AG43: =SQRT(POWER(P43,2)+POWER(Q43+AE43+H43,2)) -> 36.754654 | AH43: =SQRT(POWER((AE43+Q43+G43),2)+POWER(P43,2))*POWER(6.3/Z43,2) -> 1.0997344 | AI43: =SQRT(POWER((H43+Q43+AE43),2)+POWER(P43,2))*POWER(6.3/Z43,2) -> 1.1908508 | AJ43: =37000/1.73/SQRT(POWER((G43+Q43+AE43),2)+P43*P43) -> 630.10485 | AK43: =37000/2/SQRT(POWER((H43+Q43+AE43),2)+P43*P43) -> 503.33761 | AL43: =AK43/1.2 -> 419.44801 | AM43: =AK43/1.5 -> 335.55841 | AN43: =6300/(1.73*AH43) -> 3311.3618 | AO43: =SUM(6300/(2*AI43)) -> 2645.1676
A44: 1 | D44: 4.6 | E44: А | F44: Ватинская | G44: 4.13 | H44: 6.96 | J44: 15.75 | K44: 0.08 | P44: =0.314*I44+0.249*J44+0.37*K44+0.195*M44+0.159*N44+0.06*O44 -> 3.95135 | Q44: =0.4*I44+0.4*J44+0.083*K44+0.4*M44+0.4*N44+0.4*O44 -> 6.30664 | R44: =SQRT(POWER(P44,2)+POWER(Q44+G44,2)) -> 11.159598 | S44: =SQRT(POWER(P44,2)+POWER(Q44+H44,2)) -> 13.842576 | T44: =37000/1.73/SQRT(POWER((G44+Q44),2)+P44*P44) -> 1916.4923 | U44: =37000/2/SQRT(P44*P44+POWER((H44+Q44),2)) -> 1336.4565 | V44: 2 | W44: TМН-4000/35-73 | X44: 4 | Y44: 11 | Z44: 35 | AA44: 6.3 | AB44: 7.69 | AC44: 66/367 | AD44: 10 | AE44: =AB44/100*Z44*Z44/X44 -> 23.550625 | AF44: =SQRT(POWER(P44,2)+POWER(Q44+AE44+G44,2)) -> 34.216185 | AG44: =SQRT(POWER(P44,2)+POWER(Q44+AE44+H44,2)) -> 37.028694 | AH44: =SQRT(POWER((AE44+Q44+G44),2)+POWER(P44,2))*POWER(6.3/Z44,2) -> 1.1086044 | AI44: =SQRT(POWER((H44+Q44+AE44),2)+POWER(P44,2))*POWER(6.3/Z44,2) -> 1.1997297 | AJ44: =37000/1.73/SQRT(POWER((G44+Q44+AE44),2)+P44*P44) -> 625.06334 | AK44: =37000/2/SQRT(POWER((H44+Q44+AE44),2)+P44*P44) -> 499.61255 | AL44: =AK44/1.2 -> 416.34379 | AM44: =AK44/1.5 -> 333.07503 | AN44: =6300/(1.73*AH44) -> 3284.8674 | AO44: =SUM(6300/(2*AI44)) -> 2625.5915
A45: 1 | B45: Куст-53 | C45: К-59 | D45: 2.3 | E45: А | F45: Дельта | G45: 6.348 | H45: 6.79 | J45: 6.19 | L45: 0.6 | P45: =0.314*I45+0.249*J45+0.025*L45+0.195*M45+0.159*N45+0.06*O45 -> 1.55631 | Q45: =0.4*J45+0.04725*L45 -> 2.50435 | R45: =SQRT(POWER(P45,2)+POWER(Q45+G45,2)) -> 8.9881144 | S45: =SQRT(POWER(P45,2)+POWER(Q45+H45,2)) -> 9.4237489 | T45: =37000/1.73/SQRT(POWER((G45+Q45),2)+P45*P45) -> 2379.5072 | U45: =37000/2/SQRT(P45*P45+POWER((H45+Q45),2)) -> 1963.1253 | V45: 1 | W45: ТМН 6300/35 | X45: 6.3 | Y45: 11 | Z45: 35 | AA45: 6.3 | AB45: 8.01 | AC45: 103,9/577,3 | AE45: =AB45/100*Z45*Z45/X45 -> 15.575 | AF45: =SQRT(POWER(P45,2)+POWER(Q45+AE45+G45,2)) -> 24.476877 | AG45: =SQRT(POWER(P45,2)+POWER(Q45+AE45+H45,2)) -> 24.917999 | AH45: =SQRT(POWER((AE45+Q45+G45),2)+POWER(P45,2))*POWER(6.3/Z45,2) -> 0.79305083 | AI45: =SQRT(POWER((H45+Q45+AE45),2)+POWER(P45,2))*POWER(6.3/Z45,2) -> 0.80734317 | AJ45: =37000/1.73/SQRT(POWER((G45+Q45+AE45),2)+P45*P45) -> 873.77499 | AK45: =37000/2/SQRT(POWER((H45+Q45+AE45),2)+P45*P45) -> 742.43522 | AL45: =AK45/1.2 -> 618.69602 | AM45: =AK45/1.5 -> 494.95681 | AN45: =6300/(1.73*AH45) -> 4591.9106 | AO45: =SUM(6300/(2*AI45)) -> 3901.6866
A46: 1 | D46: 2.3 | E46: А | F46: Дельта | G46: 6.348 | H46: 6.79 | J46: 6.19 | L46: 0.6 | P46: =0.314*I46+0.249*J46+0.025*L46+0.195*M46+0.159*N46+0.06*O46 -> 1.55631 | Q46: =0.4*J46+0.04725*L46 -> 2.50435 | R46: =SQRT(POWER(P46,2)+POWER(Q46+G46,2)) -> 8.9881144 | S46: =SQRT(POWER(P46,2)+POWER(Q46+H46,2)) -> 9.4237489 | T46: =37000/1.73/SQRT(POWER((G46+Q46),2)+P46*P46) -> 2379.5072 | U46: =37000/2/SQRT(P46*P46+POWER((H46+Q46),2)) -> 1963.1253 | V46: 2 | W46: ТМН 6300/35 | X46: 6.3 | Y46: 11 | Z46: 35 | AA46: 6.3 | AB46: 8.01 | AC46: 103,9/577,3 | AE46: =AB46/100*Z46*Z46/X46 -> 15.575 | AF46: =SQRT(POWER(P46,2)+POWER(Q46+AE46+G46,2)) -> 24.476877 | AG46: =SQRT(POWER(P46,2)+POWER(Q46+AE46+H46,2)) -> 24.917999 | AH46: =SQRT(POWER((AE46+Q46+G46),2)+POWER(P46,2))*POWER(6.3/Z46,2) -> 0.79305083 | AI46: =SQRT(POWER((H46+Q46+AE46),2)+POWER(P46,2))*POWER(6.3/Z46,2) -> 0.80734317 | AJ46: =37000/1.73/SQRT(POWER((G46+Q46+AE46),2)+P46*P46) -> 873.77499 | AK46: =37000/2/SQRT(POWER((H46+Q46+AE46),2)+P46*P46) -> 742.43522 | AL46: =AK46/1.2 -> 618.69602 | AM46: =AK46/1.5 -> 494.95681 | AN46: =6300/(1.73*AH46) -> 4591.9106 | AO46: =SUM(6300/(2*AI46)) -> 3901.6866
A47: 1 | B47: Куст-53 | C47: К-59 | D47: 2.3 | E47: А | F47: Баграс | G47: ='СР6 перевод на Баграс'!G5 -> 8.2869415 | H47: ='СР6 перевод на Баграс'!H5 -> 9.0895455 | J47: 13.95 | P47: =0.314*I47+0.249*J47+0.195*M47+0.159*N47+0.06*O47 -> 3.47355 | Q47: =0.4*SUM(I47:O47) -> 5.58 | R47: =SQRT(POWER(P47,2)+POWER(Q47+G47,2)) -> 14.29537 | S47: =SQRT(POWER(P47,2)+POWER(Q47+H47,2)) -> 15.075182 | T47: =37000/1.73/SQRT(POWER((G47+Q47),2)+P47*P47) -> 1496.0986 | U47: =37000/2/SQRT(P47*P47+POWER((H47+Q47),2)) -> 1227.1825 | V47: 1 | W47: ТМН 6300/35 | X47: 6.3 | Y47: 11 | Z47: 35 | AA47: 6.3 | AB47: 8.01 | AC47: 103,9/577,3 | AE47: =AB47/100*Z47*Z47/X47 -> 15.575 | AF47: =SQRT(POWER(P47,2)+POWER(Q47+AE47+G47,2)) -> 29.646138 | AG47: =SQRT(POWER(P47,2)+POWER(Q47+AE47+H47,2)) -> 30.443359 | AH47: =SQRT(POWER((AE47+Q47+G47),2)+POWER(P47,2))*POWER(6.3/Z47,2) -> 0.96053486 | AI47: =SQRT(POWER((H47+Q47+AE47),2)+POWER(P47,2))*POWER(6.3/Z47,2) -> 0.98636482 | AJ47: =37000/1.73/SQRT(POWER((G47+Q47+AE47),2)+P47*P47) -> 721.41888 | AK47: =37000/2/SQRT(POWER((H47+Q47+AE47),2)+P47*P47) -> 607.68591 | AL47: =AK47/1.2 -> 506.40492 | AM47: =AK47/1.5 -> 405.12394 | AN47: =6300/(1.73*AH47) -> 3791.2403 | AO47: =SUM(6300/(2*AI47)) -> 3193.5446
A48: 1 | D48: 2.3 | E48: А | F48: Баграс | G48: ='СР6 перевод на Баграс'!G6 -> 8.2967555 | H48: ='СР6 перевод на Баграс'!H6 -> 9.1031996 | J48: 13.95 | P48: =0.314*I48+0.249*J48+0.195*M48+0.159*N48+0.06*O48 -> 3.47355 | Q48: =0.4*SUM(I48:O48) -> 5.58 | R48: =SQRT(POWER(P48,2)+POWER(Q48+G48,2)) -> 14.304891 | S48: =SQRT(POWER(P48,2)+POWER(Q48+H48,2)) -> 15.088469 | T48: =37000/1.73/SQRT(POWER((G48+Q48),2)+P48*P48) -> 1495.1029 | U48: =37000/2/SQRT(P48*P48+POWER((H48+Q48),2)) -> 1226.1019 | V48: 2 | W48: ТМН 6300/35 | X48: 6.3 | Y48: 11 | Z48: 35 | AA48: 6.3 | AB48: 8.01 | AC48: 103,9/577,3 | AE48: =AB48/100*Z48*Z48/X48 -> 15.575 | AF48: =SQRT(POWER(P48,2)+POWER(Q48+AE48+G48,2)) -> 29.655884 | AG48: =SQRT(POWER(P48,2)+POWER(Q48+AE48+H48,2)) -> 30.456924 | AH48: =SQRT(POWER((AE48+Q48+G48),2)+POWER(P48,2))*POWER(6.3/Z48,2) -> 0.96085064 | AI48: =SQRT(POWER((H48+Q48+AE48),2)+POWER(P48,2))*POWER(6.3/Z48,2) -> 0.98680432 | AJ48: =37000/1.73/SQRT(POWER((G48+Q48+AE48),2)+P48*P48) -> 721.18178 | AK48: =37000/2/SQRT(POWER((H48+Q48+AE48),2)+P48*P48) -> 607.41525 | AL48: =AK48/1.2 -> 506.17938 | AM48: =AK48/1.5 -> 404.9435 | AN48: =6300/(1.73*AH48) -> 3789.9944 | AO48: =SUM(6300/(2*AI48)) -> 3192.1222
B50: Дата расчета: | E50: 42647 | G50: Реактансы на с.ш.35кВ согласно письма исх.№Т4/1/3042 от 22.09.14, №Т4/1/2073 от 22.08.16 АО "ТюменьЭнерго" НВЭС
B51: Расчет провел: | E51: Шапран Н.О. | G51: Реактансы на с.ш.35кВ ПС 110/35/6кВ "Баграс" согласно письма исх.№297 от 05.07.15 ООО "Энергоремонт"

Sheet СР1 (М=Черногор)
AF1: Приложение: № ________________
AF2: К письму № ________________ от _______
Q3: Расчёт токов короткого замыкания
A4: Головная ПС | B4: Наименование ПС 35/6кВ | C4: Тип ПС | D4: Наименование ВЛ-35кВ | E4: Реактансы на сш 35кВ ПС110/35/6кВ "М-Черногорская" | G4: Ток К.З.,А | I4: Точка К.З. | J4: Длина ВЛ-35кВ | Q4: Длина линии до К.З. | R4: Хвл-35кВ | T4: Реактансы на сш 35кВ ПС6/35кВ | V4: Ток К.З. до трансф. ,А | X4: Точка К.З. | Y4: Тип | Z4: S | AA4: Груп Соед | AB4: U ВН | AC4: Uкз | AD4: Хтмак | AE4: Хтмак на 6кВ | AF4: Реактансы на сш 35кВ ПС 35/6 кВ | AH4: Ток К.З. после трансф.,А приведенный к стороне 35 | AJ4: Точка К.З. | AK4: Реактансы на сш 6кВ ПС35/6кВ | AM4: Ток К.З. после трансф.,А приведенный к стороне 6
E5: Хс мак | F5: Хс мин | J5: А-120 | K5: 2АС-240 | L5: АС-400 | M5: 2ВБбШв 3х150 | N5: ВБбШв 3х240 | O5: 3ПвВнг-1х150 | P5: 3ПвВнг-1х500 | T5: Хс мак | U5: Хсмин | AF5: Хс мак | AG5: Хсмин | AK5: Хс мак | AL5: Хсмин
E6: Ом | F6: Ом | G6: max | H6: min | J6: км | K6: км | L6: км | M6: км | N6: км | O6: км | P6: км | Q6: км | R6: Ом | S6: Ом | T6: Ом | U6: Ом | V6: max | W6: min | Z6: МВА | AB6: кВ | AC6: % | AD6: Ом | AE6: Ом | AF6: Ом | AG6: Ом | AH6: max | AI6: min | AM6: max | AN6: min
A7: ПС 110/35/6кВ "М-Черногорская" ф.6кВ №2 (1 с.ш. 6кВ) | B7: ПС 35/6кВ ДНС Узунская 1С-6 | E7: 15.784 | F7: 18.087 | I7: К1 | J7: 9.27 | Q7: =SUM(J7:P7) -> 9.27 | R7: =0.246*J7 -> 2.28042 | S7: =(0.4)*J7 -> 3.708 | T7: =SQRT(POWER(R7,2)+POWER(S7+E7,2)) -> 19.624943 | U7: =SQRT(POWER(R7,2)+POWER(S7+F7,2)) -> 21.913976 | V7: =37000/(SQRT(3)*T7) -> 1088.5107 | W7: =37000/(2*U7) -> 844.21011 | X7: К2 | Y7: ТМН-6300/35 | Z7: 6.3 | AA7: 11 | AB7: 35 | AC7: 7.96 | AD7: =AC7/100*AB7*AB7/Z7 -> 15.477778 | AF7: =SQRT(R7^2+(E7+S7+AD7)^2) -> 35.044053 | AG7: =SQRT(R7^2+(F7+S7+AD7)^2) -> 37.342473 | AH7: =37000/(1.73*AF7) -> 610.29707 | AI7: =37000/(2*AG7) -> 495.41443 | AJ7: К3 | AK7: =SQRT(R7^2+(E7+S7+AD7)^2)*POWER(6.3/35,2) -> 1.1354273 | AL7: =SQRT(R7^2+(F7+S7+AD7)^2)*POWER(6.3/35,2) -> 1.2098961 | AM7: =6300/(1.73*AK7) -> 3207.2669 | AN7: =6300/(2*AL7) -> 2603.5293
A8: ПС 110/35/6кВ "М-Черногорская" ф.6кВ №3 (2 с.ш. 6кВ) | B8: ПС 35/6кВ ДНС Узунская 2С-6 | E8: 15.784 | F8: 18.087 | J8: 9.27 | Q8: =SUM(J8:P8) -> 9.27 | R8: =0.246*J8 -> 2.28042 | S8: =(0.4)*J8 -> 3.708 | T8: =SQRT(POWER(R8,2)+POWER(S8+E8,2)) -> 19.624943 | U8: =SQRT(POWER(R8,2)+POWER(S8+F8,2)) -> 21.913976 | V8: =37000/(SQRT(3)*T8) -> 1088.5107 | W8: =37000/(2*U8) -> 844.21011 | Y8: ТМН 6300/35 | Z8: 6.3 | AA8: 11 | AB8: 35 | AC8: 7.94 | AD8: =AC8/100*AB8*AB8/Z8 -> 15.438889 | AF8: =SQRT(R8^2+(E8+S8+AD8)^2) -> 35.005247 | AG8: =SQRT(R8^2+(F8+S8+AD8)^2) -> 37.303657 | AH8: =37000/(1.73*AF8) -> 610.97364 | AI8: =37000/(2*AG8) -> 495.92993 | AK8: =SQRT(R8^2+(E8+S8+AD8)^2)*POWER(6.3/35,2) -> 1.13417 | AL8: =SQRT(R8^2+(F8+S8+AD8)^2)*POWER(6.3/35,2) -> 1.2086385 | AM8: =6300/(1.73*AK8) -> 3210.8224 | AN8: =6300/(2*AL8) -> 2606.2384
H10: Начальник РЗА Перемитин А.В.

Sheet СР2
A1: Реактансы ПС 35/6кВ СР-2
A2: СР | B2: Наименование ПС 35/6кВ | C2: Тип ПС | D2: №Ф-35кВ | E2: Режим | F2: Головная ПС | G2: Реактансы на с.ш.35кВ ПС 110/35/6кВ | I2: Длина ВЛ-35кВ | N2: Хвл-35кВ | P2: Реактансы на ЛР 35кВ ПС 35/6кВ | R2: Токи на с.ш.35кВ ПС 35/6кВ до трансф. | T2: № тр-ра | U2: Тип | V2: S | W2: Груп Соед | X2: U ВН | Y2: U HН | Z2: Uкз | AA2: Iвн/Iнн | AB2: РПН | AC2: Хтмак | AD2: Реактансы на с.ш.35кВ ПС 35/6кВ | AF2: Реактансы на с.ш.6кВ ПС 35/6кВ | AH2: Токи на с.ш.6кВ ПС 35/6кВ после трансф., приведенные к стороне 35кВ | AJ2: Кч=1.2 | AK2: Кч=1.5 | AL2: Токи на с.ш.6кВ ПС 35/6кВ после трансф., приведенные к стороне 6,3кВ
G3: Хсмакc | H3: Хсмин | I3: АС-95 | J3: АС-120 | K3: АС-150 | L3: АС-185 | M3: АС-500 | P3: Хмакс | Q3: Хмин | R3: Iмакс | S3: Iмин | AD3: Хмакс | AE3: Хмин | AF3: Хмакс | AG3: Хмин | AH3: Iмакс | AI3: Iмин | AL3: Iмакс | AM3: Iмин
G4: Ом | H4: Ом | I4: км | J4: км | K4: км | L4: км | M4: км | N4: Ом | O4: Ом | P4: Ом | Q4: Ом | R4: А | S4: А | V4: МВА | X4: кВ | Y4: кВ | Z4: % | AA4: А | AB4: % | AC4: Ом | AD4: Ом | AE4: Ом | AF4: Ом | AG4: Ом | AH4: А | AI4: А | AJ4: А | AK4: А | AL4: А | AM4: А
A5: 2 | B5: Куст-4 | C5: К-63 | D5: 2.5 | E5: Н | F5: Еловая | G5: =121.7/1.73/13.839 -> 5.0832301 | H5: =121.7/(2*12.549) -> 4.848992 | J5: 30.32 | N5: =0.314*I5+0.249*J5+0.195*K5+0.159*L5+0.06*M5 -> 7.54968 | O5: =0.4*SUM(I5:M5) -> 12.128 | P5: =SQRT(POWER(N5,2)+POWER(O5+G5,2)) -> 18.794257 | Q5: =SQRT(POWER(N5,2)+POWER(O5+H5,2)) -> 18.579987 | R5: =37000/1.73/SQRT(POWER((G5+O5),2)+N5*N5) -> 1137.9691 | S5: =37000/2/SQRT(N5*N5+POWER((H5+O5),2)) -> 995.69498 | T5: 1 | U5: ТМН-6300/35 | V5: 6.3 | W5: 11 | X5: 35 | Y5: 6.3 | Z5: 7.4 | AA5: 103,9/577,4 | AC5: =Z5/100*X5*X5/V5 -> 14.388889 | AD5: =SQRT(POWER(N5,2)+POWER(O5+AC5+G5,2)) -> 32.489463 | AE5: =SQRT(POWER(N5,2)+POWER(O5+AC5+H5,2)) -> 32.261682 | AF5: =SQRT(POWER((AC5+O5+G5),2)+POWER(N5,2))*POWER(6.3/X5,2) -> 1.0526586 | AG5: =SQRT(POWER((H5+O5+AC5),2)+POWER(N5,2))*POWER(6.3/X5,2) -> 1.0452785 | AH5: =37000/1.73/SQRT(POWER((G5+O5+AC5),2)+N5*N5) -> 658.28369 | AI5: =37000/2/SQRT(POWER((H5+O5+AC5),2)+N5*N5) -> 573.43569 | AJ5: =AI5/1.2 -> 477.86307 | AK5: =AI5/1.5 -> 382.29046 | AL5: =SUM(6300/(1.732*AF5)) -> 3455.4541 | AM5: =SUM(6300/(2*AG5)) -> 3013.5509
A6: 2 | D6: 2.5 | E6: Н | F6: Еловая | G6: =121.7/1.73/13.838 -> 5.0835974 | H6: =121.7/(2*12.549) -> 4.848992 | J6: 30.32 | N6: =0.314*I6+0.249*J6+0.195*K6+0.159*L6+0.06*M6 -> 7.54968 | O6: =0.4*SUM(I6:M6) -> 12.128 | P6: =SQRT(POWER(N6,2)+POWER(O6+G6,2)) -> 18.794594 | Q6: =SQRT(POWER(N6,2)+POWER(O6+H6,2)) -> 18.579987 | R6: =37000/1.73/SQRT(POWER((G6+O6),2)+N6*N6) -> 1137.9487 | S6: =37000/2/SQRT(N6*N6+POWER((H6+O6),2)) -> 995.69498 | T6: 2 | U6: ТМН-6300/35 | V6: 6.3 | W6: 11 | X6: 35 | Y6: 6.3 | Z6: 7.95 | AA6: 103,9/577,4 | AC6: =Z6/100*X6*X6/V6 -> 15.458333 | AD6: =SQRT(POWER(N6,2)+POWER(O6+AC6+G6,2)) -> 33.530912 | AE6: =SQRT(POWER(N6,2)+POWER(O6+AC6+H6,2)) -> 33.302372 | AF6: =SQRT(POWER((AC6+O6+G6),2)+POWER(N6,2))*POWER(6.3/X6,2) -> 1.0864015 | AG6: =SQRT(POWER((H6+O6+AC6),2)+POWER(N6,2))*POWER(6.3/X6,2) -> 1.0789969 | AH6: =37000/1.73/SQRT(POWER((G6+O6+AC6),2)+N6*N6) -> 637.83781 | AI6: =37000/2/SQRT(POWER((H6+O6+AC6),2)+N6*N6) -> 555.51598 | AJ6: =AI6/1.2 -> 462.92999 | AK6: =AI6/1.5 -> 370.34399 | AL6: =SUM(6300/(1.732*AF6)) -> 3348.1298 | AM6: =SUM(6300/(2*AG6)) -> 2919.3783
A7: 2 | B7: Куст-25 | C7: ST-7 | D7: 2.3 | E7: Н | F7: Мартовская | G7: 6.101 | H7: 7.051 | J7: 8.38 | N7: =0.314*I7+0.249*J7+0.195*K7+0.159*L7+0.06*M7 -> 2.08662 | O7: =0.4*SUM(I7:M7) -> 3.352 | P7: =SQRT(POWER(N7,2)+POWER(O7+G7,2)) -> 9.6805574 | Q7: =SQRT(POWER(N7,2)+POWER(O7+H7,2)) -> 10.610202 | R7: =37000/1.73/SQRT(POWER((G7+O7),2)+N7*N7) -> 2209.3029 | S7: =37000/2/SQRT(N7*N7+POWER((H7+O7),2)) -> 1743.6048 | T7: 1 | U7: ТДНС-10000/35 | V7: 10 | W7: 11 | X7: 35 | Y7: 6.3 | Z7: 8.2 | AA7: 165/916А | AB7: 12 | AC7: =Z7/100*X7*X7/V7 -> 10.045 | AD7: =SQRT(POWER(N7,2)+POWER(O7+AC7+G7,2)) -> 19.609334 | AE7: =SQRT(POWER(N7,2)+POWER(O7+AC7+H7,2)) -> 20.554189 | AF7: =SQRT(POWER((AC7+O7+G7),2)+POWER(N7,2))*POWER(6.3/X7,2) -> 0.63534243 | AG7: =SQRT(POWER((H7+O7+AC7),2)+POWER(N7,2))*POWER(6.3/X7,2) -> 0.66595572 | AH7: =37000/1.73/SQRT(POWER((G7+O7+AC7),2)+N7*N7) -> 1090.6685 | AI7: =37000/2/SQRT(POWER((H7+O7+AC7),2)+N7*N7) -> 900.05984 | AJ7: =AI7/1.2 -> 750.04986 | AK7: =AI7/1.5 -> 600.03989 | AL7: =SUM(6300/(1.732*AF7)) -> 5725.1228 | AM7: =SUM(6300/(2*AG7)) -> 4730.0442
A8: 2 | D8: 2.3 | E8: Н | F8: Мартовская | G8: 6.101 | H8: 7.051 | J8: 8.38 | N8: =0.314*I8+0.249*J8+0.195*K8+0.159*L8+0.06*M8 -> 2.08662 | O8: =0.4*SUM(I8:M8) -> 3.352 | P8: =SQRT(POWER(N8,2)+POWER(O8+G8,2)) -> 9.6805574 | Q8: =SQRT(POWER(N8,2)+POWER(O8+H8,2)) -> 10.610202 | R8: =37000/1.73/SQRT(POWER((G8+O8),2)+N8*N8) -> 2209.3029 | S8: =37000/2/SQRT(N8*N8+POWER((H8+O8),2)) -> 1743.6048 | T8: 2 | U8: ТДНС-10000/35 | V8: 6.3 | W8: 11 | X8: 35 | Y8: 6.3 | Z8: 6.71 | AA8: 165/916А | AB8: 12 | AC8: =Z8/100*X8*X8/V8 -> 13.047222 | AD8: =SQRT(POWER(N8,2)+POWER(O8+AC8+G8,2)) -> 22.596769 | AE8: =SQRT(POWER(N8,2)+POWER(O8+AC8+H8,2)) -> 23.542874 | AF8: =SQRT(POWER((AC8+O8+G8),2)+POWER(N8,2))*POWER(6.3/X8,2) -> 0.73213533 | AG8: =SQRT(POWER((H8+O8+AC8),2)+POWER(N8,2))*POWER(6.3/X8,2) -> 0.76278911 | AH8: =37000/1.73/SQRT(POWER((G8+O8+AC8),2)+N8*N8) -> 946.47527 | AI8: =37000/2/SQRT(POWER((H8+O8+AC8),2)+N8*N8) -> 785.80042 | AJ8: =AI8/1.2 -> 654.83368 | AK8: =AI8/1.5 -> 523.86694 | AL8: =SUM(6300/(1.732*AF8)) -> 4968.2255 | AM8: =SUM(6300/(2*AG8)) -> 4129.5818
A9: 2 | B9: Куст-27 | C9: К-47 | D9: 2.3 | E9: Н | F9: Мартовская | G9: 6.101 | H9: 7.051 | J9: 3.7 | N9: =0.314*I9+0.249*J9+0.195*K9+0.159*L9+0.06*M9 -> 0.9213 | O9: =0.4*SUM(I9:M9) -> 1.48 | P9: =SQRT(POWER(N9,2)+POWER(O9+G9,2)) -> 7.6367765 | Q9: =SQRT(POWER(N9,2)+POWER(O9+H9,2)) -> 8.5806034 | R9: =37000/1.73/SQRT(POWER((G9+O9),2)+N9*N9) -> 2800.5643 | S9: =37000/2/SQRT(N9*N9+POWER((H9+O9),2)) -> 2156.0255 | T9: 1 | U9: ТМН-6300/35 | V9: 6.3 | W9: 11 | X9: 35 | Y9: 6.3 | Z9: 7.93 | AA9: 103,9/577,4 | AB9: 6 | AC9: =Z9/100*X9*X9/V9 -> 15.419444 | AD9: =SQRT(POWER(N9,2)+POWER(O9+AC9+G9,2)) -> 23.018889 | AE9: =SQRT(POWER(N9,2)+POWER(O9+AC9+H9,2)) -> 23.968158 | AF9: =SQRT(POWER((AC9+O9+G9),2)+POWER(N9,2))*POWER(6.3/X9,2) -> 0.74581199 | AG9: =SQRT(POWER((H9+O9+AC9),2)+POWER(N9,2))*POWER(6.3/X9,2) -> 0.77656831 | AH9: =37000/1.73/SQRT(POWER((G9+O9+AC9),2)+N9*N9) -> 929.11884 | AI9: =37000/2/SQRT(POWER((H9+O9+AC9),2)+N9*N9) -> 771.85741 | AJ9: =AI9/1.2 -> 643.2145 | AK9: =AI9/1.5 -> 514.5716 | AL9: =SUM(6300/(1.732*AF9)) -> 4877.1184 | AM9: =SUM(6300/(2*AG9)) -> 4056.3077
A10: 2 | D10: 2.3 | E10: Н | F10: Мартовская | G10: 6.101 | H10: 7.051 | J10: 3.7 | N10: =0.314*I10+0.249*J10+0.195*K10+0.159*L10+0.06*M10 -> 0.9213 | O10: =0.4*SUM(I10:M10) -> 1.48 | P10: =SQRT(POWER(N10,2)+POWER(O10+G10,2)) -> 7.6367765 | Q10: =SQRT(POWER(N10,2)+POWER(O10+H10,2)) -> 8.5806034 | R10: =37000/1.73/SQRT(POWER((G10+O10),2)+N10*N10) -> 2800.5643 | S10: =37000/2/SQRT(N10*N10+POWER((H10+O10),2)) -> 2156.0255 | T10: 2 | U10: ТМН-6300/35 | V10: 6.3 | W10: 11 | X10: 35 | Y10: 6.3 | Z10: 8 | AA10: 103,9/577,4 | AB10: 13.5 | AC10: =Z10/100*X10*X10/V10 -> 15.555556 | AD10: =SQRT(POWER(N10,2)+POWER(O10+AC10+G10,2)) -> 23.154891 | AE10: =SQRT(POWER(N10,2)+POWER(O10+AC10+H10,2)) -> 24.104169 | AF10: =SQRT(POWER((AC10+O10+G10),2)+POWER(N10,2))*POWER(6.3/X10,2) -> 0.75021848 | AG10: =SQRT(POWER((H10+O10+AC10),2)+POWER(N10,2))*POWER(6.3/X10,2) -> 0.78097507 | AH10: =37000/1.73/SQRT(POWER((G10+O10+AC10),2)+N10*N10) -> 923.66156 | AI10: =37000/2/SQRT(POWER((H10+O10+AC10),2)+N10*N10) -> 767.50209 | AJ10: =AI10/1.2 -> 639.58508 | AK10: =AI10/1.5 -> 511.66806 | AL10: =SUM(6300/(1.732*AF10)) -> 4848.4721 | AM10: =SUM(6300/(2*AG10)) -> 4033.4194
A11: 2 | B11: Куст-37 | C11: ST-7 | D11: 2.5 | E11: Н | F11: Еловая | G11: =G5 -> 5.0832301 | H11: =H5 -> 4.848992 | J11: 16.35 | N11: =0.314*I11+0.249*J11+0.195*K11+0.159*L11+0.06*M11 -> 4.07115 | O11: =0.4*SUM(I11:M11) -> 6.54 | P11: =SQRT(POWER(N11,2)+POWER(O11+G11,2)) -> 12.315589 | Q11: =SQRT(POWER(N11,2)+POWER(O11+H11,2)) -> 12.094767 | R11: =37000/1.73/SQRT(POWER((G11+O11),2)+N11*N11) -> 1736.6025 | S11: =37000/2/SQRT(N11*N11+POWER((H11+O11),2)) -> 1529.5871 | T11: 1 | U11: ТМН-6300/35 | V11: 6.3 | W11: 11 | X11: 35 | Y11: 6.3 | Z11: 8 | AA11: 103,92/577,33 | AB11: 6 | AC11: =Z11/100*X11*X11/V11 -> 15.555556 | AD11: =SQRT(POWER(N11,2)+POWER(O11+AC11+G11,2)) -> 27.482006 | AE11: =SQRT(POWER(N11,2)+POWER(O11+AC11+H11,2)) -> 27.250374 | AF11: =SQRT(POWER((AC11+O11+G11),2)+POWER(N11,2))*POWER(6.3/X11,2) -> 0.89041699 | AG11: =SQRT(POWER((H11+O11+AC11),2)+POWER(N11,2))*POWER(6.3/X11,2) -> 0.88291213 | AH11: =37000/1.73/SQRT(POWER((G11+O11+AC11),2)+N11*N11) -> 778.22861 | AI11: =37000/2/SQRT(POWER((H11+O11+AC11),2)+N11*N11) -> 678.88976 | AJ11: =AI11/1.2 -> 565.74146 | AK11: =AI11/1.5 -> 452.59317 | AL11: =SUM(6300/(1.732*AF11)) -> 4085.0674 | AM11: =SUM(6300/(2*AG11)) -> 3567.739
A12: 2 | D12: 2.5 | E12: Н | F12: Еловая | G12: =G6 -> 5.0835974 | H12: =H6 -> 4.848992 | J12: 16.35 | N12: =0.314*I12+0.249*J12+0.195*K12+0.159*L12+0.06*M12 -> 4.07115 | O12: =0.4*SUM(I12:M12) -> 6.54 | P12: =SQRT(POWER(N12,2)+POWER(O12+G12,2)) -> 12.315936 | Q12: =SQRT(POWER(N12,2)+POWER(O12+H12,2)) -> 12.094767 | R12: =37000/1.73/SQRT(POWER((G12+O12),2)+N12*N12) -> 1736.5536 | S12: =37000/2/SQRT(N12*N12+POWER((H12+O12),2)) -> 1529.5871 | T12: 2 | U12: ТМН-6300/35 | V12: 6.3 | W12: 11 | X12: 35 | Y12: 6.3 | Z12: 7.91 | AA12: 103,92/577,33 | AB12: 6 | AC12: =Z12/100*X12*X12/V12 -> 15.380556 | AD12: =SQRT(POWER(N12,2)+POWER(O12+AC12+G12,2)) -> 27.309312 | AE12: =SQRT(POWER(N12,2)+POWER(O12+AC12+H12,2)) -> 27.077351 | AF12: =SQRT(POWER((AC12+O12+G12),2)+POWER(N12,2))*POWER(6.3/X12,2) -> 0.88482172 | AG12: =SQRT(POWER((H12+O12+AC12),2)+POWER(N12,2))*POWER(6.3/X12,2) -> 0.87730617 | AH12: =37000/1.73/SQRT(POWER((G12+O12+AC12),2)+N12*N12) -> 783.14983 | AI12: =37000/2/SQRT(POWER((H12+O12+AC12),2)+N12*N12) -> 683.22784 | AJ12: =AI12/1.2 -> 569.35653 | AK12: =AI12/1.5 -> 455.48523 | AL12: =SUM(6300/(1.732*AF12)) -> 4110.8998 | AM12: =SUM(6300/(2*AG12)) -> 3590.5367
A13: 2 | B13: Куст-41 | C13: ST-7 | D13: 2.4 | E13: Н | F13: Сев-Покурская | G13: 6.141 | H13: 6.81 | J13: 3.7 | N13: =0.314*I13+0.249*J13+0.195*K13+0.159*L13+0.06*M13 -> 0.9213 | O13: =0.4*SUM(I13:M13) -> 1.48 | P13: =SQRT(POWER(N13,2)+POWER(O13+G13,2)) -> 7.6764858 | Q13: =SQRT(POWER(N13,2)+POWER(O13+H13,2)) -> 8.3410367 | R13: =37000/1.73/SQRT(POWER((G13+O13),2)+N13*N13) -> 2786.0773 | S13: =37000/2/SQRT(N13*N13+POWER((H13+O13),2)) -> 2217.9497 | T13: 1 | U13: ТМН-6300/35 | V13: 6.3 | W13: 11 | X13: 35 | Y13: 6.3 | Z13: 7.7 | AA13: 103,92/577,33 | AB13: 6 | AC13: =Z13/100*X13*X13/V13 -> 14.972222 | AD13: =SQRT(POWER(N13,2)+POWER(O13+AC13+G13,2)) -> 22.611999 | AE13: =SQRT(POWER(N13,2)+POWER(O13+AC13+H13,2)) -> 23.280459 | AF13: =SQRT(POWER((AC13+O13+G13),2)+POWER(N13,2))*POWER(6.3/X13,2) -> 0.73262876 | AG13: =SQRT(POWER((H13+O13+AC13),2)+POWER(N13,2))*POWER(6.3/X13,2) -> 0.75428688 | AH13: =37000/1.73/SQRT(POWER((G13+O13+AC13),2)+N13*N13) -> 945.83781 | AI13: =37000/2/SQRT(POWER((H13+O13+AC13),2)+N13*N13) -> 794.65787 | AJ13: =AI13/1.2 -> 662.21489 | AK13: =AI13/1.5 -> 529.77191 | AL13: =SUM(6300/(1.732*AF13)) -> 4964.8794 | AM13: =SUM(6300/(2*AG13)) -> 4176.1299 | AN13: 0.063 | AO13: 6 | AP13: 4.5 | AQ13: =AP13/100*AO13*AO13/AN13 -> 25.714286 | AR13: =AQ13*((35/6)^2) -> 875 | AS13: =SQRT(POWER(N13,2)+POWER(O13+AC13+G13+AR13,2)) -> 897.5937 | AT13: =37000/(SQRT(3)*AS13) -> 23.799142
A14: 2 | D14: 2.4 | E14: Н | F14: Сев-Покурская | G14: 6.141 | H14: 6.81 | J14: 3.7 | N14: =0.314*I14+0.249*J14+0.195*K14+0.159*L14+0.06*M14 -> 0.9213 | O14: =0.4*SUM(I14:M14) -> 1.48 | P14: =SQRT(POWER(N14,2)+POWER(O14+G14,2)) -> 7.6764858 | Q14: =SQRT(POWER(N14,2)+POWER(O14+H14,2)) -> 8.3410367 | R14: =37000/1.73/SQRT(POWER((G14+O14),2)+N14*N14) -> 2786.0773 | S14: =37000/2/SQRT(N14*N14+POWER((H14+O14),2)) -> 2217.9497 | T14: 2 | U14: ТМН-6300/35 | V14: 6.3 | W14: 11 | X14: 35 | Y14: 6.3 | Z14: 7.7 | AA14: 103,92/577,33 | AB14: 6 | AC14: =Z14/100*X14*X14/V14 -> 14.972222 | AD14: =SQRT(POWER(N14,2)+POWER(O14+AC14+G14,2)) -> 22.611999 | AE14: =SQRT(POWER(N14,2)+POWER(O14+AC14+H14,2)) -> 23.280459 | AF14: =SQRT(POWER((AC14+O14+G14),2)+POWER(N14,2))*POWER(6.3/X14,2) -> 0.73262876 | AG14: =SQRT(POWER((H14+O14+AC14),2)+POWER(N14,2))*POWER(6.3/X14,2) -> 0.75428688 | AH14: =37000/1.73/SQRT(POWER((G14+O14+AC14),2)+N14*N14) -> 945.83781 | AI14: =37000/2/SQRT(POWER((H14+O14+AC14),2)+N14*N14) -> 794.65787 | AJ14: =AI14/1.2 -> 662.21489 | AK14: =AI14/1.5 -> 529.77191 | AL14: =SUM(6300/(1.732*AF14)) -> 4964.8794 | AM14: =SUM(6300/(2*AG14)) -> 4176.1299
A15: 2 | B15: Куст-43 | C15: К-59 | D15: 1.4 | E15: Н | F15: Еловая | G15: =G5 -> 5.0832301 | H15: =H5 -> 4.848992 | J15: 11.3 | N15: =0.314*I15+0.249*J15+0.195*K15+0.159*L15+0.06*M15 -> 2.8137 | O15: =0.4*SUM(I15:M15) -> 4.52 | P15: =SQRT(POWER(N15,2)+POWER(O15+G15,2)) -> 10.006944 | Q15: =SQRT(POWER(N15,2)+POWER(O15+H15,2)) -> 9.7823779 | R15: =37000/1.73/SQRT(POWER((G15+O15),2)+N15*N15) -> 2137.2441 | S15: =37000/2/SQRT(N15*N15+POWER((H15+O15),2)) -> 1891.1557 | T15: 1 | U15: ТМН-6300/35 | V15: 6.3 | W15: 11 | X15: 35 | Y15: 6.3 | Z15: 8.09 | AA15: 103,9/577,4 | AB15: 10 | AC15: =Z15/100*X15*X15/V15 -> 15.730556 | AD15: =SQRT(POWER(N15,2)+POWER(O15+AC15+G15,2)) -> 25.489559 | AE15: =SQRT(POWER(N15,2)+POWER(O15+AC15+H15,2)) -> 25.256765 | AF15: =SQRT(POWER((AC15+O15+G15),2)+POWER(N15,2))*POWER(6.3/X15,2) -> 0.8258617 | AG15: =SQRT(POWER((H15+O15+AC15),2)+POWER(N15,2))*POWER(6.3/X15,2) -> 0.8183192 | AH15: =37000/1.73/SQRT(POWER((G15+O15+AC15),2)+N15*N15) -> 839.06055 | AI15: =37000/2/SQRT(POWER((H15+O15+AC15),2)+N15*N15) -> 732.47701 | AJ15: =AI15/1.2 -> 610.39751 | AK15: =AI15/1.5 -> 488.31801 | AL15: =SUM(6300/(1.732*AF15)) -> 4404.3856 | AM15: =SUM(6300/(2*AG15)) -> 3849.3537
A16: 2 | D16: 1.4 | E16: Н | F16: Еловая | G16: =G6 -> 5.0835974 | H16: =H6 -> 4.848992 | J16: 11.3 | N16: =0.314*I16+0.249*J16+0.195*K16+0.159*L16+0.06*M16 -> 2.8137 | O16: =0.4*SUM(I16:M16) -> 4.52 | P16: =SQRT(POWER(N16,2)+POWER(O16+G16,2)) -> 10.007297 | Q16: =SQRT(POWER(N16,2)+POWER(O16+H16,2)) -> 9.7823779 | R16: =37000/1.73/SQRT(POWER((G16+O16),2)+N16*N16) -> 2137.1689 | S16: =37000/2/SQRT(N16*N16+POWER((H16+O16),2)) -> 1891.1557 | T16: 2 | U16: ТМН-6300/35 | V16: 6.3 | W16: 11 | X16: 35 | Y16: 6.3 | Z16: 8 | AA16: 103,9/577,4 | AB16: 10 | AC16: =Z16/100*X16*X16/V16 -> 15.555556 | AD16: =SQRT(POWER(N16,2)+POWER(O16+AC16+G16,2)) -> 25.316001 | AE16: =SQRT(POWER(N16,2)+POWER(O16+AC16+H16,2)) -> 25.082862 | AF16: =SQRT(POWER((AC16+O16+G16),2)+POWER(N16,2))*POWER(6.3/X16,2) -> 0.82023842 | AG16: =SQRT(POWER((H16+O16+AC16),2)+POWER(N16,2))*POWER(6.3/X16,2) -> 0.81268474 | AH16: =37000/1.73/SQRT(POWER((G16+O16+AC16),2)+N16*N16) -> 844.81288 | AI16: =37000/2/SQRT(POWER((H16+O16+AC16),2)+N16*N16) -> 737.55538 | AJ16: =AI16/1.2 -> 614.62948 | AK16: =AI16/1.5 -> 491.70359 | AL16: =SUM(6300/(1.732*AF16)) -> 4434.5806 | AM16: =SUM(6300/(2*AG16)) -> 3876.0418
A17: 2 | B17: Куст-50 | C17: К-59 | D17: 2.5 | E17: Н | F17: Еловая | G17: =G5 -> 5.0832301 | H17: =H5 -> 4.848992 | J17: 19.73 | N17: =0.314*I17+0.249*J17+0.195*K17+0.159*L17+0.06*M17 -> 4.91277 | O17: =0.4*SUM(I17:M17) -> 7.892 | P17: =SQRT(POWER(N17,2)+POWER(O17+G17,2)) -> 13.874145 | Q17: =SQRT(POWER(N17,2)+POWER(O17+H17,2)) -> 13.655335 | R17: =37000/1.73/SQRT(POWER((G17+O17),2)+N17*N17) -> 1541.5208 | S17: =37000/2/SQRT(N17*N17+POWER((H17+O17),2)) -> 1354.7818 | T17: 1 | U17: ТМН-6300/35 | V17: 6.3 | W17: 11 | X17: 35 | Y17: 6.3 | Z17: 8 | AA17: 103,9/577,4 | AB17: 5.32 | AC17: =Z17/100*X17*X17/V17 -> 15.555556 | AD17: =SQRT(POWER(N17,2)+POWER(O17+AC17+G17,2)) -> 28.950666 | AE17: =SQRT(POWER(N17,2)+POWER(O17+AC17+H17,2)) -> 28.719852 | AF17: =SQRT(POWER((AC17+O17+G17),2)+POWER(N17,2))*POWER(6.3/X17,2) -> 0.93800156 | AG17: =SQRT(POWER((H17+O17+AC17),2)+POWER(N17,2))*POWER(6.3/X17,2) -> 0.93052321 | AH17: =37000/1.73/SQRT(POWER((G17+O17+AC17),2)+N17*N17) -> 738.74928 | AI17: =37000/2/SQRT(POWER((H17+O17+AC17),2)+N17*N17) -> 644.15373 | AJ17: =AI17/1.2 -> 536.79478 | AK17: =AI17/1.5 -> 429.43582 | AL17: =SUM(6300/(1.732*AF17)) -> 3877.833 | AM17: =SUM(6300/(2*AG17)) -> 3385.1923
A18: 2 | D18: 2.5 | E18: Н | F18: Еловая | G18: =G6 -> 5.0835974 | H18: =H6 -> 4.848992 | J18: 19.73 | N18: =0.314*I18+0.249*J18+0.195*K18+0.159*L18+0.06*M18 -> 4.91277 | O18: =0.4*SUM(I18:M18) -> 7.892 | P18: =SQRT(POWER(N18,2)+POWER(O18+G18,2)) -> 13.874489 | Q18: =SQRT(POWER(N18,2)+POWER(O18+H18,2)) -> 13.655335 | R18: =37000/1.73/SQRT(POWER((G18+O18),2)+N18*N18) -> 1541.4826 | S18: =37000/2/SQRT(N18*N18+POWER((H18+O18),2)) -> 1354.7818 | T18: 2 | U18: ТМН-6300/35 | V18: 6.3 | W18: 11 | X18: 35 | Y18: 6.3 | Z18: 8.08 | AA18: 103,9/577,4 | AB18: 5.32 | AC18: =Z18/100*X18*X18/V18 -> 15.711111 | AD18: =SQRT(POWER(N18,2)+POWER(O18+AC18+G18,2)) -> 29.104339 | AE18: =SQRT(POWER(N18,2)+POWER(O18+AC18+H18,2)) -> 28.873127 | AF18: =SQRT(POWER((AC18+O18+G18),2)+POWER(N18,2))*POWER(6.3/X18,2) -> 0.94298059 | AG18: =SQRT(POWER((H18+O18+AC18),2)+POWER(N18,2))*POWER(6.3/X18,2) -> 0.93548932 | AH18: =37000/1.73/SQRT(POWER((G18+O18+AC18),2)+N18*N18) -> 734.84861 | AI18: =37000/2/SQRT(POWER((H18+O18+AC18),2)+N18*N18) -> 640.7342 | AJ18: =AI18/1.2 -> 533.94516 | AK18: =AI18/1.5 -> 427.15613 | AL18: =SUM(6300/(1.732*AF18)) -> 3857.3577 | AM18: =SUM(6300/(2*AG18)) -> 3367.2218
A19: 2 | B19: Куст-224 | C19: К-59 | D19: 5.6 | E19: Н | F19: Мартыновская | G19: =Мартыновская!G15 -> 4.9020181 | H19: =Мартыновская!H15 -> 5.2862861 | J19: 12.96 | M19: 1.81 | N19: =0.314*I19+0.249*J19+0.195*K19+0.159*L19+0.06*M19 -> 3.33564 | O19: =0.4*SUM(I19:M19) -> 5.908 | P19: =SQRT(POWER(N19,2)+POWER(O19+G19,2)) -> 11.312957 | Q19: =SQRT(POWER(N19,2)+POWER(O19+H19,2)) -> 11.680691 | R19: =37000/1.73/SQRT(POWER((G19+O19),2)+N19*N19) -> 1890.5123 | S19: =37000/2/SQRT(N19*N19+POWER((H19+O19),2)) -> 1583.8104 | T19: 1 | U19: ТМН-6300/35 | V19: 6.3 | W19: 11 | X19: 35 | Y19: 6.3 | Z19: 7.8 | AA19: 103,9/577,4 | AB19: 10 | AC19: =Z19/100*X19*X19/V19 -> 15.166667 | AD19: =SQRT(POWER(N19,2)+POWER(O19+AC19+G19,2)) -> 26.189972 | AE19: =SQRT(POWER(N19,2)+POWER(O19+AC19+H19,2)) -> 26.571156 | AF19: =SQRT(POWER((AC19+O19+G19),2)+POWER(N19,2))*POWER(6.3/X19,2) -> 0.8485551 | AG19: =SQRT(POWER((H19+O19+AC19),2)+POWER(N19,2))*POWER(6.3/X19,2) -> 0.86090545 | AH19: =37000/1.73/SQRT(POWER((G19+O19+AC19),2)+N19*N19) -> 816.62107 | AI19: =37000/2/SQRT(POWER((H19+O19+AC19),2)+N19*N19) -> 696.2437 | AJ19: =AI19/1.2 -> 580.20309 | AK19: =AI19/1.5 -> 464.16247 | AL19: =SUM(6300/(1.732*AF19)) -> 4286.5966 | AM19: =SUM(6300/(2*AG19)) -> 3658.9384
A20: 2 | D20: 5.6 | E20: Н | F20: Мартыновская | G20: =Мартыновская!G16 -> 4.8982573 | H20: =Мартыновская!H16 -> 5.2312064 | J20: 12.96 | M20: 1.81 | N20: =0.314*I20+0.249*J20+0.195*K20+0.159*L20+0.06*M20 -> 3.33564 | O20: =0.4*SUM(I20:M20) -> 5.908 | P20: =SQRT(POWER(N20,2)+POWER(O20+G20,2)) -> 11.309363 | Q20: =SQRT(POWER(N20,2)+POWER(O20+H20,2)) -> 11.627915 | R20: =37000/1.73/SQRT(POWER((G20+O20),2)+N20*N20) -> 1891.113 | S20: =37000/2/SQRT(N20*N20+POWER((H20+O20),2)) -> 1590.9989 | T20: 2 | U20: ТМН-6300/35 | V20: 6.3 | W20: 11 | X20: 35 | Y20: 6.3 | Z20: 7.8 | AA20: 103,9/577,4 | AB20: 10 | AC20: =Z20/100*X20*X20/V20 -> 15.166667 | AD20: =SQRT(POWER(N20,2)+POWER(O20+AC20+G20,2)) -> 26.186242 | AE20: =SQRT(POWER(N20,2)+POWER(O20+AC20+H20,2)) -> 26.516513 | AF20: =SQRT(POWER((AC20+O20+G20),2)+POWER(N20,2))*POWER(6.3/X20,2) -> 0.84843424 | AG20: =SQRT(POWER((H20+O20+AC20),2)+POWER(N20,2))*POWER(6.3/X20,2) -> 0.85913502 | AH20: =37000/1.73/SQRT(POWER((G20+O20+AC20),2)+N20*N20) -> 816.7374 | AI20: =37000/2/SQRT(POWER((H20+O20+AC20),2)+N20*N20) -> 697.67847 | AJ20: =AI20/1.2 -> 581.39872 | AK20: =AI20/1.5 -> 465.11898 | AL20: =SUM(6300/(1.732*AF20)) -> 4287.2072 | AM20: =SUM(6300/(2*AG20)) -> 3666.4784
A21: 2 | B21: Западная | C21: ST-7 | D21: 2.4 | E21: Н | F21: Сев-Покурская | G21: 6.141 | H21: 6.81 | J21: 14.6 | N21: =0.314*I21+0.249*J21+0.195*K21+0.159*L21+0.06*M21 -> 3.6354 | O21: =0.4*SUM(I21:M21) -> 5.84 | P21: =SQRT(POWER(N21,2)+POWER(O21+G21,2)) -> 12.520403 | Q21: =SQRT(POWER(N21,2)+POWER(O21+H21,2)) -> 13.162015 | R21: =37000/1.73/SQRT(POWER((G21+O21),2)+N21*N21) -> 1708.1945 | S21: =37000/2/SQRT(N21*N21+POWER((H21+O21),2)) -> 1405.5599 | T21: 1 | U21: ТМН-6300/35 | V21: 6.3 | W21: 11 | X21: 35 | Y21: 6.3 | Z21: 7.47 | AA21: 103,9/577,4 | AB21: 10 | AC21: =Z21/100*X21*X21/V21 -> 14.525 | AD21: =SQRT(POWER(N21,2)+POWER(O21+AC21+G21,2)) -> 26.754143 | AE21: =SQRT(POWER(N21,2)+POWER(O21+AC21+H21,2)) -> 27.417089 | AF21: =SQRT(POWER((AC21+O21+G21),2)+POWER(N21,2))*POWER(6.3/X21,2) -> 0.86683423 | AG21: =SQRT(POWER((H21+O21+AC21),2)+POWER(N21,2))*POWER(6.3/X21,2) -> 0.88831368 | AH21: =37000/1.73/SQRT(POWER((G21+O21+AC21),2)+N21*N21) -> 799.4008 | AI21: =37000/2/SQRT(POWER((H21+O21+AC21),2)+N21*N21) -> 674.76165 | AJ21: =AI21/1.2 -> 562.30137 | AK21: =AI21/1.5 -> 449.8411 | AL21: =SUM(6300/(1.732*AF21)) -> 4196.2041 | AM21: =SUM(6300/(2*AG21)) -> 3546.0447
A22: 2 | D22: 2.4 | E22: Н | F22: Сев-Покурская | G22: 6.141 | H22: 6.81 | J22: 14.6 | N22: =0.314*I22+0.249*J22+0.195*K22+0.159*L22+0.06*M22 -> 3.6354 | O22: =0.4*SUM(I22:M22) -> 5.84 | P22: =SQRT(POWER(N22,2)+POWER(O22+G22,2)) -> 12.520403 | Q22: =SQRT(POWER(N22,2)+POWER(O22+H22,2)) -> 13.162015 | R22: =37000/1.73/SQRT(POWER((G22+O22),2)+N22*N22) -> 1708.1945 | S22: =37000/2/SQRT(N22*N22+POWER((H22+O22),2)) -> 1405.5599 | T22: 2 | U22: ТМН-6300/35 | V22: 6.3 | W22: 11 | X22: 35 | Y22: 6.3 | Z22: 7.42 | AA22: 103,9/577,4 | AB22: 10 | AC22: =Z22/100*X22*X22/V22 -> 14.427778 | AD22: =SQRT(POWER(N22,2)+POWER(O22+AC22+G22,2)) -> 26.657826 | AE22: =SQRT(POWER(N22,2)+POWER(O22+AC22+H22,2)) -> 27.320728 | AF22: =SQRT(POWER((AC22+O22+G22),2)+POWER(N22,2))*POWER(6.3/X22,2) -> 0.86371356 | AG22: =SQRT(POWER((H22+O22+AC22),2)+POWER(N22,2))*POWER(6.3/X22,2) -> 0.88519159 | AH22: =37000/1.73/SQRT(POWER((G22+O22+AC22),2)+N22*N22) -> 802.28911 | AI22: =37000/2/SQRT(POWER((H22+O22+AC22),2)+N22*N22) -> 677.14154 | AJ22: =AI22/1.2 -> 564.28462 | AK22: =AI22/1.5 -> 451.4277 | AL22: =SUM(6300/(1.732*AF22)) -> 4211.3654 | AM22: =SUM(6300/(2*AG22)) -> 3558.5517
A23: 2 | B23: ЦПС-1 | C23: К-59 | D23: 2.4 | E23: Н | F23: Заобье | G23: 17.035 | H23: 18.81 | J23: 8.3 | N23: =0.314*I23+0.249*J23+0.195*K23+0.159*L23+0.06*M23 -> 2.0667 | O23: =0.4*SUM(I23:M23) -> 3.32 | P23: =SQRT(POWER(N23,2)+POWER(O23+G23,2)) -> 20.45965 | Q23: =SQRT(POWER(N23,2)+POWER(O23+H23,2)) -> 22.226294 | R23: =37000/1.73/SQRT(POWER((G23+O23),2)+N23*N23) -> 1045.3396 | S23: =37000/2/SQRT(N23*N23+POWER((H23+O23),2)) -> 832.34749 | T23: 1 | U23: ТМН-6300/35 | V23: 6.3 | W23: 11 | X23: 35 | Y23: 6.3 | Z23: 7.83 | AA23: 103,9/577,4 | AC23: =Z23/100*X23*X23/V23 -> 15.225 | AD23: =SQRT(POWER(N23,2)+POWER(O23+AC23+G23,2)) -> 35.639973 | AE23: =SQRT(POWER(N23,2)+POWER(O23+AC23+H23,2)) -> 37.412127 | AF23: =SQRT(POWER((AC23+O23+G23),2)+POWER(N23,2))*POWER(6.3/X23,2) -> 1.1547351 | AG23: =SQRT(POWER((H23+O23+AC23),2)+POWER(N23,2))*POWER(6.3/X23,2) -> 1.2121529 | AH23: =37000/1.73/SQRT(POWER((G23+O23+AC23),2)+N23*N23) -> 600.09258 | AI23: =37000/2/SQRT(POWER((H23+O23+AC23),2)+N23*N23) -> 494.49206 | AJ23: =AI23/1.2 -> 412.07672 | AK23: =AI23/1.5 -> 329.66137 | AL23: =SUM(6300/(1.732*AF23)) -> 3149.9981 | AM23: =SUM(6300/(2*AG23)) -> 2598.682
A24: 2 | D24: 2.4 | E24: Н | F24: Заобье | G24: 10.755 | H24: 12.53 | J24: 8.3 | N24: =0.314*I24+0.249*J24+0.195*K24+0.159*L24+0.06*M24 -> 2.0667 | O24: =0.4*SUM(I24:M24) -> 3.32 | P24: =SQRT(POWER(N24,2)+POWER(O24+G24,2)) -> 14.225923 | Q24: =SQRT(POWER(N24,2)+POWER(O24+H24,2)) -> 15.984172 | R24: =37000/1.73/SQRT(POWER((G24+O24),2)+N24*N24) -> 1503.4022 | S24: =37000/2/SQRT(N24*N24+POWER((H24+O24),2)) -> 1157.395 | T24: 2 | U24: ТМН-6300/35 | V24: 6.3 | W24: 11 | X24: 35 | Y24: 6.3 | Z24: 7.5 | AA24: 103,9/577,4 | AC24: =Z24/100*X24*X24/V24 -> 14.583333 | AD24: =SQRT(POWER(N24,2)+POWER(O24+AC24+G24,2)) -> 28.732757 | AE24: =SQRT(POWER(N24,2)+POWER(O24+AC24+H24,2)) -> 30.503426 | AF24: =SQRT(POWER((AC24+O24+G24),2)+POWER(N24,2))*POWER(6.3/X24,2) -> 0.93094132 | AG24: =SQRT(POWER((H24+O24+AC24),2)+POWER(N24,2))*POWER(6.3/X24,2) -> 0.98831102 | AH24: =37000/1.73/SQRT(POWER((G24+O24+AC24),2)+N24*N24) -> 744.35194 | AI24: =37000/2/SQRT(POWER((H24+O24+AC24),2)+N24*N24) -> 606.48924 | AJ24: =AI24/1.2 -> 505.4077 | AK24: =AI24/1.5 -> 404.32616 | AL24: =SUM(6300/(1.732*AF24)) -> 3907.2424 | AM24: =SUM(6300/(2*AG24)) -> 3187.2558
A25: 2 | B25: ЦПС-2 | C25: ST-7 | D25: 5.6 | E25: Н | F25: Мартыновская | G25: =Мартыновская!G15 -> 4.9020181 | H25: =Мартыновская!H15 -> 5.2862861 | J25: 11.54 | M25: 1.81 | N25: =0.314*I25+0.249*J25+0.195*K25+0.159*L25+0.06*M25 -> 2.98206 | O25: =0.4*SUM(I25:M25) -> 5.34 | P25: =SQRT(POWER(N25,2)+POWER(O25+G25,2)) -> 10.667315 | Q25: =SQRT(POWER(N25,2)+POWER(O25+H25,2)) -> 11.036786 | R25: =37000/1.73/SQRT(POWER((G25+O25),2)+N25*N25) -> 2004.9359 | S25: =37000/2/SQRT(N25*N25+POWER((H25+O25),2)) -> 1676.2127 | T25: 1 | U25: ТМН-6300/35 | V25: 6.3 | W25: 11 | X25: 35 | Y25: 6.3 | Z25: 7.96 | AA25: 103,9/577,4 | AB25: 6 | AC25: =Z25/100*X25*X25/V25 -> 15.477778 | AD25: =SQRT(POWER(N25,2)+POWER(O25+AC25+G25,2)) -> 25.892095 | AE25: =SQRT(POWER(N25,2)+POWER(O25+AC25+H25,2)) -> 26.273843 | AF25: =SQRT(POWER((AC25+O25+G25),2)+POWER(N25,2))*POWER(6.3/X25,2) -> 0.83890388 | AG25: =SQRT(POWER((H25+O25+AC25),2)+POWER(N25,2))*POWER(6.3/X25,2) -> 0.85127252 | AH25: =37000/1.73/SQRT(POWER((G25+O25+AC25),2)+N25*N25) -> 826.01594 | AI25: =37000/2/SQRT(POWER((H25+O25+AC25),2)+N25*N25) -> 704.12234 | AJ25: =AI25/1.2 -> 586.76862 | AK25: =AI25/1.5 -> 469.4149 | AL25: =SUM(6300/(1.732*AF25)) -> 4335.912 | AM25: =SUM(6300/(2*AG25)) -> 3700.3426
A26: 2 | D26: 5.6 | E26: Н | F26: Мартыновская | G26: =Мартыновская!G16 -> 4.8982573 | H26: =Мартыновская!H16 -> 5.2312064 | J26: 11.54 | M26: 1.81 | N26: =0.314*I26+0.249*J26+0.195*K26+0.159*L26+0.06*M26 -> 2.98206 | O26: =0.4*SUM(I26:M26) -> 5.34 | P26: =SQRT(POWER(N26,2)+POWER(O26+G26,2)) -> 10.663705 | Q26: =SQRT(POWER(N26,2)+POWER(O26+H26,2)) -> 10.983765 | R26: =37000/1.73/SQRT(POWER((G26+O26),2)+N26*N26) -> 2005.6148 | S26: =37000/2/SQRT(N26*N26+POWER((H26+O26),2)) -> 1684.3041 | T26: 2 | U26: ТМН-6300/35 | V26: 6.3 | W26: 11 | X26: 35 | Y26: 6.3 | Z26: 7.97 | AA26: 103,9/577,4 | AB26: 6 | AC26: =Z26/100*X26*X26/V26 -> 15.497222 | AD26: =SQRT(POWER(N26,2)+POWER(O26+AC26+G26,2)) -> 25.907674 | AE26: =SQRT(POWER(N26,2)+POWER(O26+AC26+H26,2)) -> 26.238438 | AF26: =SQRT(POWER((AC26+O26+G26),2)+POWER(N26,2))*POWER(6.3/X26,2) -> 0.83940865 | AG26: =SQRT(POWER((H26+O26+AC26),2)+POWER(N26,2))*POWER(6.3/X26,2) -> 0.85012541 | AH26: =37000/1.73/SQRT(POWER((G26+O26+AC26),2)+N26*N26) -> 825.51922 | AI26: =37000/2/SQRT(POWER((H26+O26+AC26),2)+N26*N26) -> 705.07245 | AJ26: =AI26/1.2 -> 587.56037 | AK26: =AI26/1.5 -> 470.0483 | AL26: =SUM(6300/(1.732*AF26)) -> 4333.3046 | AM26: =SUM(6300/(2*AG26)) -> 3705.3357
A27: 2 | B27: КНС-2 | C27: К-47 | D27: 2.4 | E27: Н | F27: Сев-Покурская | G27: 6.141 | H27: 6.81 | J27: 14.7 | N27: =0.314*I27+0.249*J27+0.195*K27+0.159*L27+0.06*M27 -> 3.6603 | O27: =0.4*SUM(I27:M27) -> 5.88 | P27: =SQRT(POWER(N27,2)+POWER(O27+G27,2)) -> 12.565916 | Q27: =SQRT(POWER(N27,2)+POWER(O27+H27,2)) -> 13.207343 | R27: =37000/1.73/SQRT(POWER((G27+O27),2)+N27*N27) -> 1702.0075 | S27: =37000/2/SQRT(N27*N27+POWER((H27+O27),2)) -> 1400.736 | T27: 1 | U27: ТДНС-10000/35-УХЛ1 | V27: 10 | W27: 11 | X27: 36.75 | Y27: 6.3 | Z27: 8.02 | AA27: 157,1/916,4 | AB27: 9 | AC27: =Z27/100*X27*X27/V27 -> 10.831511 | AD27: =SQRT(POWER(N27,2)+POWER(O27+AC27+G27,2)) -> 23.143791 | AE27: =SQRT(POWER(N27,2)+POWER(O27+AC27+H27,2)) -> 23.804606 | AF27: =SQRT(POWER((AC27+O27+G27),2)+POWER(N27,2))*POWER(6.3/X27,2) -> 0.68014407 | AG27: =SQRT(POWER((H27+O27+AC27),2)+POWER(N27,2))*POWER(6.3/X27,2) -> 0.69956394 | AH27: =37000/1.73/SQRT(POWER((G27+O27+AC27),2)+N27*N27) -> 924.10457 | AI27: =37000/2/SQRT(POWER((H27+O27+AC27),2)+N27*N27) -> 777.16051 | AJ27: =AI27/1.2 -> 647.63376 | AK27: =AI27/1.5 -> 518.107 | AL27: =SUM(6300/(1.732*AF27)) -> 5348.0043 | AM27: =SUM(6300/(2*AG27)) -> 4502.805
A28: 2 | D28: 2.4 | E28: Н | F28: Сев-Покурская | G28: 6.141 | H28: 6.81 | J28: 14.7 | N28: =0.314*I28+0.249*J28+0.195*K28+0.159*L28+0.06*M28 -> 3.6603 | O28: =0.4*SUM(I28:M28) -> 5.88 | P28: =SQRT(POWER(N28,2)+POWER(O28+G28,2)) -> 12.565916 | Q28: =SQRT(POWER(N28,2)+POWER(O28+H28,2)) -> 13.207343 | R28: =37000/1.73/SQRT(POWER((G28+O28),2)+N28*N28) -> 1702.0075 | S28: =37000/2/SQRT(N28*N28+POWER((H28+O28),2)) -> 1400.736 | T28: 2 | U28: ТДНС-10000/35-УХЛ1 | V28: 10 | W28: 11 | X28: 36.75 | Y28: 6.3 | Z28: 8.16 | AA28: 157,1/916,4 | AB28: 9 | AC28: =Z28/100*X28*X28/V28 -> 11.02059 | AD28: =SQRT(POWER(N28,2)+POWER(O28+AC28+G28,2)) -> 23.330509 | AE28: =SQRT(POWER(N28,2)+POWER(O28+AC28+H28,2)) -> 23.991454 | AF28: =SQRT(POWER((AC28+O28+G28),2)+POWER(N28,2))*POWER(6.3/X28,2) -> 0.68563129 | AG28: =SQRT(POWER((H28+O28+AC28),2)+POWER(N28,2))*POWER(6.3/X28,2) -> 0.70505498 | AH28: =37000/1.73/SQRT(POWER((G28+O28+AC28),2)+N28*N28) -> 916.7088 | AI28: =37000/2/SQRT(POWER((H28+O28+AC28),2)+N28*N28) -> 771.10791 | AJ28: =AI28/1.2 -> 642.58992 | AK28: =AI28/1.5 -> 514.07194 | AL28: =SUM(6300/(1.732*AF28)) -> 5305.2033 | AM28: =SUM(6300/(2*AG28)) -> 4467.7367
A29: 2 | B29: КНС-2Б | C29: К-59 | D29: 2.5 | E29: Н | F29: Еловая | G29: =G5 -> 5.0832301 | H29: =H5 -> 4.848992 | J29: 19.8 | N29: =0.314*I29+0.249*J29+0.195*K29+0.159*L29+0.06*M29 -> 4.9302 | O29: =0.4*SUM(I29:M29) -> 7.92 | P29: =SQRT(POWER(N29,2)+POWER(O29+G29,2)) -> 13.906504 | Q29: =SQRT(POWER(N29,2)+POWER(O29+H29,2)) -> 13.687733 | R29: =37000/1.73/SQRT(POWER((G29+O29),2)+N29*N29) -> 1537.9338 | S29: =37000/2/SQRT(N29*N29+POWER((H29+O29),2)) -> 1351.5752 | T29: 1 | U29: ТДНС-10000/35-УХЛ1 | V29: 10 | W29: 11 | X29: 36.75 | Y29: 6.3 | Z29: 8.26 | AA29: 157,1/916,4 | AB29: 12 | AC29: =Z29/100*X29*X29/V29 -> 11.155646 | AD29: =SQRT(POWER(N29,2)+POWER(O29+AC29+G29,2)) -> 24.656808 | AE29: =SQRT(POWER(N29,2)+POWER(O29+AC29+H29,2)) -> 24.427345 | AF29: =SQRT(POWER((AC29+O29+G29),2)+POWER(N29,2))*POWER(6.3/X29,2) -> 0.72460823 | AG29: =SQRT(POWER((H29+O29+AC29),2)+POWER(N29,2))*POWER(6.3/X29,2) -> 0.71786483 | AH29: =37000/1.73/SQRT(POWER((G29+O29+AC29),2)+N29*N29) -> 867.3987 | AI29: =37000/2/SQRT(POWER((H29+O29+AC29),2)+N29*N29) -> 757.34796 | AJ29: =AI29/1.2 -> 631.1233 | AK29: =AI29/1.5 -> 504.89864 | AL29: =SUM(6300/(1.732*AF29)) -> 5019.8345 | AM29: =SUM(6300/(2*AG29)) -> 4388.0127
A30: 2 | D30: 2.5 | E30: Н | F30: Еловая | G30: =G6 -> 5.0835974 | H30: =H6 -> 4.848992 | J30: 19.8 | N30: =0.314*I30+0.249*J30+0.195*K30+0.159*L30+0.06*M30 -> 4.9302 | O30: =0.4*SUM(I30:M30) -> 7.92 | P30: =SQRT(POWER(N30,2)+POWER(O30+G30,2)) -> 13.906848 | Q30: =SQRT(POWER(N30,2)+POWER(O30+H30,2)) -> 13.687733 | R30: =37000/1.73/SQRT(POWER((G30+O30),2)+N30*N30) -> 1537.8958 | S30: =37000/2/SQRT(N30*N30+POWER((H30+O30),2)) -> 1351.5752 | T30: 2 | U30: ТДНС-10000/35-УХЛ1 | V30: 10 | W30: 11 | X30: 36.75 | Y30: 6.3 | Z30: 8.21 | AA30: 157,1/916,4 | AB30: 12 | AC30: =Z30/100*X30*X30/V30 -> 11.088118 | AD30: =SQRT(POWER(N30,2)+POWER(O30+AC30+G30,2)) -> 24.591007 | AE30: =SQRT(POWER(N30,2)+POWER(O30+AC30+H30,2)) -> 24.36121 | AF30: =SQRT(POWER((AC30+O30+G30),2)+POWER(N30,2))*POWER(6.3/X30,2) -> 0.72267449 | AG30: =SQRT(POWER((H30+O30+AC30),2)+POWER(N30,2))*POWER(6.3/X30,2) -> 0.71592129 | AH30: =37000/1.73/SQRT(POWER((G30+O30+AC30),2)+N30*N30) -> 869.7197 | AI30: =37000/2/SQRT(POWER((H30+O30+AC30),2)+N30*N30) -> 759.40397 | AJ30: =AI30/1.2 -> 632.83664 | AK30: =AI30/1.5 -> 506.26932 | AL30: =SUM(6300/(1.732*AF30)) -> 5033.2666 | AM30: =SUM(6300/(2*AG30)) -> 4399.9251
A31: 2 | B31: Куст-4 | C31: К-63 | D31: 2.4 | E31: А | F31: Сев-Покурская | G31: 6.141 | H31: 6.81 | J31: 28.96 | N31: =0.314*I31+0.249*J31+0.195*K31+0.159*L31+0.06*M31 -> 7.21104 | O31: =0.4*SUM(I31:M31) -> 11.584 | P31: =SQRT(POWER(N31,2)+POWER(O31+G31,2)) -> 19.135692 | Q31: =SQRT(POWER(N31,2)+POWER(O31+H31,2)) -> 19.756982 | R31: =37000/1.73/SQRT(POWER((G31+O31),2)+N31*N31) -> 1117.6645 | S31: =37000/2/SQRT(N31*N31+POWER((H31+O31),2)) -> 936.37784 | T31: 1 | U31: ТМН-6300/35 | V31: 6.3 | W31: 11 | X31: 35 | Y31: 6.3 | Z31: 7.4 | AA31: 103,92/577,33 | AC31: =Z31/100*X31*X31/V31 -> 14.388889 | AD31: =SQRT(POWER(N31,2)+POWER(O31+AC31+G31,2)) -> 32.913538 | AE31: =SQRT(POWER(N31,2)+POWER(O31+AC31+H31,2)) -> 33.566604 | AF31: =SQRT(POWER((AC31+O31+G31),2)+POWER(N31,2))*POWER(6.3/X31,2) -> 1.0663986 | AG31: =SQRT(POWER((H31+O31+AC31),2)+POWER(N31,2))*POWER(6.3/X31,2) -> 1.087558 | AH31: =37000/1.73/SQRT(POWER((G31+O31+AC31),2)+N31*N31) -> 649.80202 | AI31: =37000/2/SQRT(POWER((H31+O31+AC31),2)+N31*N31) -> 551.14304 | AJ31: =AI31/1.2 -> 459.28586 | AK31: =AI31/1.5 -> 367.42869 | AL31: =SUM(6300/(1.732*AF31)) -> 3410.9322 | AM31: =SUM(6300/(2*AG31)) -> 2896.3973
A32: 2 | D32: 2.4 | E32: А | F32: Сев-Покурская | G32: 6.141 | H32: 6.81 | J32: 28.96 | N32: =0.314*I32+0.249*J32+0.195*K32+0.159*L32+0.06*M32 -> 7.21104 | O32: =0.4*SUM(I32:M32) -> 11.584 | P32: =SQRT(POWER(N32,2)+POWER(O32+G32,2)) -> 19.135692 | Q32: =SQRT(POWER(N32,2)+POWER(O32+H32,2)) -> 19.756982 | R32: =37000/1.73/SQRT(POWER((G32+O32),2)+N32*N32) -> 1117.6645 | S32: =37000/2/SQRT(N32*N32+POWER((H32+O32),2)) -> 936.37784 | T32: 2 | U32: ТМН-6300/35 | V32: 6.3 | W32: 11 | X32: 35 | Y32: 6.3 | Z32: 7.95 | AA32: 103,92/577,33 | AC32: =Z32/100*X32*X32/V32 -> 15.458333 | AD32: =SQRT(POWER(N32,2)+POWER(O32+AC32+G32,2)) -> 33.957808 | AE32: =SQRT(POWER(N32,2)+POWER(O32+AC32+H32,2)) -> 34.611841 | AF32: =SQRT(POWER((AC32+O32+G32),2)+POWER(N32,2))*POWER(6.3/X32,2) -> 1.100233 | AG32: =SQRT(POWER((H32+O32+AC32),2)+POWER(N32,2))*POWER(6.3/X32,2) -> 1.1214237 | AH32: =37000/1.73/SQRT(POWER((G32+O32+AC32),2)+N32*N32) -> 629.81932 | AI32: =37000/2/SQRT(POWER((H32+O32+AC32),2)+N32*N32) -> 534.49915 | AJ32: =AI32/1.2 -> 445.41596 | AK32: =AI32/1.5 -> 356.33277 | AL32: =SUM(6300/(1.732*AF32)) -> 3306.0393 | AM32: =SUM(6300/(2*AG32)) -> 2808.9295
A33: 2 | B33: Куст-25 | C33: ST-7 | D33: 1.4 | E33: А | F33: Еловая | G33: =G5 -> 5.0832301 | H33: =H5 -> 4.848992 | J33: 19.02 | N33: =0.314*I33+0.249*J33+0.195*K33+0.159*L33+0.06*M33 -> 4.73598 | O33: =0.4*SUM(I33:M33) -> 7.608 | P33: =SQRT(POWER(N33,2)+POWER(O33+G33,2)) -> 13.5461 | Q33: =SQRT(POWER(N33,2)+POWER(O33+H33,2)) -> 13.326896 | R33: =37000/1.73/SQRT(POWER((G33+O33),2)+N33*N33) -> 1578.8517 | S33: =37000/2/SQRT(N33*N33+POWER((H33+O33),2)) -> 1388.1702 | T33: 1 | U33: ТДНС-10000/35 | V33: 10 | W33: 11 | X33: 35 | Y33: 6.3 | Z33: 8.2 | AA33: 165/916А | AB33: 12 | AC33: =Z33/100*X33*X33/V33 -> 10.045 | AD33: =SQRT(POWER(N33,2)+POWER(O33+AC33+G33,2)) -> 23.224247 | AE33: =SQRT(POWER(N33,2)+POWER(O33+AC33+H33,2)) -> 22.994981 | AF33: =SQRT(POWER((AC33+O33+G33),2)+POWER(N33,2))*POWER(6.3/X33,2) -> 0.75246561 | AG33: =SQRT(POWER((H33+O33+AC33),2)+POWER(N33,2))*POWER(6.3/X33,2) -> 0.74503738 | AH33: =37000/1.73/SQRT(POWER((G33+O33+AC33),2)+N33*N33) -> 920.90318 | AI33: =37000/2/SQRT(POWER((H33+O33+AC33),2)+N33*N33) -> 804.52339 | AJ33: =AI33/1.2 -> 670.43616 | AK33: =AI33/1.5 -> 536.34893 | AL33: =SUM(6300/(1.732*AF33)) -> 4833.9928 | AM33: =SUM(6300/(2*AG33)) -> 4227.9758
A34: 2 | D34: 1.4 | E34: А | F34: Еловая | G34: =G6 -> 5.0835974 | H34: =H6 -> 4.848992 | J34: 19.02 | N34: =0.314*I34+0.249*J34+0.195*K34+0.159*L34+0.06*M34 -> 4.73598 | O34: =0.4*SUM(I34:M34) -> 7.608 | P34: =SQRT(POWER(N34,2)+POWER(O34+G34,2)) -> 13.546444 | Q34: =SQRT(POWER(N34,2)+POWER(O34+H34,2)) -> 13.326896 | R34: =37000/1.73/SQRT(POWER((G34+O34),2)+N34*N34) -> 1578.8116 | S34: =37000/2/SQRT(N34*N34+POWER((H34+O34),2)) -> 1388.1702 | T34: 2 | U34: ТДНС-10000/35 | V34: 10 | W34: 11 | X34: 35 | Y34: 6.3 | Z34: 6.71 | AA34: 165/916А | AB34: 12 | AC34: =Z34/100*X34*X34/V34 -> 8.21975 | AD34: =SQRT(POWER(N34,2)+POWER(O34+AC34+G34,2)) -> 21.440941 | AE34: =SQRT(POWER(N34,2)+POWER(O34+AC34+H34,2)) -> 21.212194 | AF34: =SQRT(POWER((AC34+O34+G34),2)+POWER(N34,2))*POWER(6.3/X34,2) -> 0.69468649 | AG34: =SQRT(POWER((H34+O34+AC34),2)+POWER(N34,2))*POWER(6.3/X34,2) -> 0.68727508 | AH34: =37000/1.73/SQRT(POWER((G34+O34+AC34),2)+N34*N34) -> 997.49741 | AI34: =37000/2/SQRT(POWER((H34+O34+AC34),2)+N34*N34) -> 872.13987 | AJ34: =AI34/1.2 -> 726.78323 | AK34: =AI34/1.5 -> 581.42658 | AL34: =SUM(6300/(1.732*AF34)) -> 5236.0503 | AM34: =SUM(6300/(2*AG34)) -> 4583.3177
A35: 2 | B35: Куст-27 | C35: К-47 | D35: 1.4 | E35: А | F35: Еловая | G35: =G5 -> 5.0832301 | H35: =H5 -> 4.848992 | J35: 14.46 | N35: =0.314*I35+0.249*J35+0.195*K35+0.159*L35+0.06*M35 -> 3.60054 | O35: =0.4*SUM(I35:M35) -> 5.784 | P35: =SQRT(POWER(N35,2)+POWER(O35+G35,2)) -> 11.448169 | Q35: =SQRT(POWER(N35,2)+POWER(O35+H35,2)) -> 11.226059 | R35: =37000/1.73/SQRT(POWER((G35+O35),2)+N35*N35) -> 1868.1837 | S35: =37000/2/SQRT(N35*N35+POWER((H35+O35),2)) -> 1647.9514 | T35: 1 | U35: ТМН-6300/35 | V35: 6.3 | W35: 11 | X35: 35 | Y35: 6.3 | Z35: 7.93 | AA35: 103,92/577,33 | AB35: 6 | AC35: =Z35/100*X35*X35/V35 -> 15.419444 | AD35: =SQRT(POWER(N35,2)+POWER(O35+AC35+G35,2)) -> 26.532115 | AE35: =SQRT(POWER(N35,2)+POWER(O35+AC35+H35,2)) -> 26.300063 | AF35: =SQRT(POWER((AC35+O35+G35),2)+POWER(N35,2))*POWER(6.3/X35,2) -> 0.85964054 | AG35: =SQRT(POWER((H35+O35+AC35),2)+POWER(N35,2))*POWER(6.3/X35,2) -> 0.85212205 | AH35: =37000/1.73/SQRT(POWER((G35+O35+AC35),2)+N35*N35) -> 806.09039 | AI35: =37000/2/SQRT(POWER((H35+O35+AC35),2)+N35*N35) -> 703.42036 | AJ35: =AI35/1.2 -> 586.18363 | AK35: =AI35/1.5 -> 468.94691 | AL35: =SUM(6300/(1.732*AF35)) -> 4231.3191 | AM35: =SUM(6300/(2*AG35)) -> 3696.6535
A36: 2 | D36: 1.4 | E36: А | F36: Еловая | G36: =G6 -> 5.0835974 | H36: =H6 -> 4.848992 | J36: 14.46 | N36: =0.314*I36+0.249*J36+0.195*K36+0.159*L36+0.06*M36 -> 3.60054 | O36: =0.4*SUM(I36:M36) -> 5.784 | P36: =SQRT(POWER(N36,2)+POWER(O36+G36,2)) -> 11.448518 | Q36: =SQRT(POWER(N36,2)+POWER(O36+H36,2)) -> 11.226059 | R36: =37000/1.73/SQRT(POWER((G36+O36),2)+N36*N36) -> 1868.1268 | S36: =37000/2/SQRT(N36*N36+POWER((H36+O36),2)) -> 1647.9514 | T36: 2 | U36: ТМН-6300/35 | V36: 6.3 | W36: 11 | X36: 35 | Y36: 6.3 | Z36: 8 | AA36: 103,92/577,33 | AB36: 13.5 | AC36: =Z36/100*X36*X36/V36 -> 15.555556 | AD36: =SQRT(POWER(N36,2)+POWER(O36+AC36+G36,2)) -> 26.667338 | AE36: =SQRT(POWER(N36,2)+POWER(O36+AC36+H36,2)) -> 26.434899 | AF36: =SQRT(POWER((AC36+O36+G36),2)+POWER(N36,2))*POWER(6.3/X36,2) -> 0.86402174 | AG36: =SQRT(POWER((H36+O36+AC36),2)+POWER(N36,2))*POWER(6.3/X36,2) -> 0.85649074 | AH36: =37000/1.73/SQRT(POWER((G36+O36+AC36),2)+N36*N36) -> 802.00294 | AI36: =37000/2/SQRT(POWER((H36+O36+AC36),2)+N36*N36) -> 699.83243 | AJ36: =AI36/1.2 -> 583.19369 | AK36: =AI36/1.5 -> 466.55496 | AL36: =SUM(6300/(1.732*AF36)) -> 4209.8633 | AM36: =SUM(6300/(2*AG36)) -> 3677.7981
A37: 2 | B37: Куст-37 | C37: ST-7 | D37: 2.4 | E37: А | F37: Сев-Покурская | G37: 6.141 | H37: 6.81 | J37: 18.75 | N37: =0.314*I37+0.249*J37+0.195*K37+0.159*L37+0.06*M37 -> 4.66875 | O37: =0.4*SUM(I37:M37) -> 7.5 | P37: =SQRT(POWER(N37,2)+POWER(O37+G37,2)) -> 14.41784 | Q37: =SQRT(POWER(N37,2)+POWER(O37+H37,2)) -> 15.052353 | R37: =37000/1.73/SQRT(POWER((G37+O37),2)+N37*N37) -> 1483.3903 | S37: =37000/2/SQRT(N37*N37+POWER((H37+O37),2)) -> 1229.0437 | T37: 1 | U37: ТМН-6300/35 | V37: 6.3 | W37: 11 | X37: 35 | Y37: 6.3 | Z37: 8 | AA37: 103,92/577,33 | AB37: 6 | AC37: =Z37/100*X37*X37/V37 -> 15.555556 | AD37: =SQRT(POWER(N37,2)+POWER(O37+AC37+G37,2)) -> 29.567484 | AE37: =SQRT(POWER(N37,2)+POWER(O37+AC37+H37,2)) -> 30.228275 | AF37: =SQRT(POWER((AC37+O37+G37),2)+POWER(N37,2))*POWER(6.3/X37,2) -> 0.95798647 | AG37: =SQRT(POWER((H37+O37+AC37),2)+POWER(N37,2))*POWER(6.3/X37,2) -> 0.97939612 | AH37: =37000/1.73/SQRT(POWER((G37+O37+AC37),2)+N37*N37) -> 723.33796 | AI37: =37000/2/SQRT(POWER((H37+O37+AC37),2)+N37*N37) -> 612.00977 | AJ37: =AI37/1.2 -> 510.00814 | AK37: =AI37/1.5 -> 408.00652 | AL37: =SUM(6300/(1.732*AF37)) -> 3796.9361 | AM37: =SUM(6300/(2*AG37)) -> 3216.2676
A38: 2 | D38: 2.4 | E38: А | F38: Сев-Покурская | G38: 6.141 | H38: 6.81 | J38: 18.75 | N38: =0.314*I38+0.249*J38+0.195*K38+0.159*L38+0.06*M38 -> 4.66875 | O38: =0.4*SUM(I38:M38) -> 7.5 | P38: =SQRT(POWER(N38,2)+POWER(O38+G38,2)) -> 14.41784 | Q38: =SQRT(POWER(N38,2)+POWER(O38+H38,2)) -> 15.052353 | R38: =37000/1.73/SQRT(POWER((G38+O38),2)+N38*N38) -> 1483.3903 | S38: =37000/2/SQRT(N38*N38+POWER((H38+O38),2)) -> 1229.0437 | T38: 2 | U38: ТМН-6300/35 | V38: 6.3 | W38: 11 | X38: 35 | Y38: 6.3 | Z38: 7.91 | AA38: 103,92/577,33 | AB38: 6 | AC38: =Z38/100*X38*X38/V38 -> 15.380556 | AD38: =SQRT(POWER(N38,2)+POWER(O38+AC38+G38,2)) -> 29.394692 | AE38: =SQRT(POWER(N38,2)+POWER(O38+AC38+H38,2)) -> 30.055387 | AF38: =SQRT(POWER((AC38+O38+G38),2)+POWER(N38,2))*POWER(6.3/X38,2) -> 0.95238802 | AG38: =SQRT(POWER((H38+O38+AC38),2)+POWER(N38,2))*POWER(6.3/X38,2) -> 0.97379455 | AH38: =37000/1.73/SQRT(POWER((G38+O38+AC38),2)+N38*N38) -> 727.58998 | AI38: =37000/2/SQRT(POWER((H38+O38+AC38),2)+N38*N38) -> 615.53024 | AJ38: =AI38/1.2 -> 512.94187 | AK38: =AI38/1.5 -> 410.3535 | AL38: =SUM(6300/(1.732*AF38)) -> 3819.2557 | AM38: =SUM(6300/(2*AG38)) -> 3234.7686
A39: 2 | B39: Куст-41 | C39: ST-7 | D39: 2.5 | E39: А | F39: Еловая | G39: =G5 -> 5.0832301 | H39: =H5 -> 4.848992 | J39: 31.1 | N39: =0.314*I39+0.249*J39+0.195*K39+0.159*L39+0.06*M39 -> 7.7439 | O39: =0.4*SUM(I39:M39) -> 12.44 | P39: =SQRT(POWER(N39,2)+POWER(O39+G39,2)) -> 19.158068 | Q39: =SQRT(POWER(N39,2)+POWER(O39+H39,2)) -> 18.944055 | R39: =37000/1.73/SQRT(POWER((G39+O39),2)+N39*N39) -> 1116.3591 | S39: =37000/2/SQRT(N39*N39+POWER((H39+O39),2)) -> 976.55965 | T39: 1 | U39: ТМН-6300/35 | V39: 6.3 | W39: 11 | X39: 35 | Y39: 6.3 | Z39: 7.7 | AA39: 103,92/577,33 | AB39: 6 | AC39: =Z39/100*X39*X39/V39 -> 14.972222 | AD39: =SQRT(POWER(N39,2)+POWER(O39+AC39+G39,2)) -> 33.405425 | AE39: =SQRT(POWER(N39,2)+POWER(O39+AC39+H39,2)) -> 33.177612 | AF39: =SQRT(POWER((AC39+O39+G39),2)+POWER(N39,2))*POWER(6.3/X39,2) -> 1.0823358 | AG39: =SQRT(POWER((H39+O39+AC39),2)+POWER(N39,2))*POWER(6.3/X39,2) -> 1.0749546 | AH39: =37000/1.73/SQRT(POWER((G39+O39+AC39),2)+N39*N39) -> 640.23384 | AI39: =37000/2/SQRT(POWER((H39+O39+AC39),2)+N39*N39) -> 557.60493 | AJ39: =AI39/1.2 -> 464.67078 | AK39: =AI39/1.5 -> 371.73662 | AL39: =SUM(6300/(1.732*AF39)) -> 3360.707 | AM39: =SUM(6300/(2*AG39)) -> 2930.3563
A40: 2 | D40: 2.5 | E40: А | F40: Еловая | G40: =G6 -> 5.0835974 | H40: =H6 -> 4.848992 | J40: 31.1 | N40: =0.314*I40+0.249*J40+0.195*K40+0.159*L40+0.06*M40 -> 7.7439 | O40: =0.4*SUM(I40:M40) -> 12.44 | P40: =SQRT(POWER(N40,2)+POWER(O40+G40,2)) -> 19.158404 | Q40: =SQRT(POWER(N40,2)+POWER(O40+H40,2)) -> 18.944055 | R40: =37000/1.73/SQRT(POWER((G40+O40),2)+N40*N40) -> 1116.3395 | S40: =37000/2/SQRT(N40*N40+POWER((H40+O40),2)) -> 976.55965 | T40: 2 | U40: ТМН-6300/35 | V40: 6.3 | W40: 11 | X40: 35 | Y40: 6.3 | Z40: 7.7 | AA40: 103,92/577,33 | AB40: 6 | AC40: =Z40/100*X40*X40/V40 -> 14.972222 | AD40: =SQRT(POWER(N40,2)+POWER(O40+AC40+G40,2)) -> 33.405782 | AE40: =SQRT(POWER(N40,2)+POWER(O40+AC40+H40,2)) -> 33.177612 | AF40: =SQRT(POWER((AC40+O40+G40),2)+POWER(N40,2))*POWER(6.3/X40,2) -> 1.0823473 | AG40: =SQRT(POWER((H40+O40+AC40),2)+POWER(N40,2))*POWER(6.3/X40,2) -> 1.0749546 | AH40: =37000/1.73/SQRT(POWER((G40+O40+AC40),2)+N40*N40) -> 640.22699 | AI40: =37000/2/SQRT(POWER((H40+O40+AC40),2)+N40*N40) -> 557.60493 | AJ40: =AI40/1.2 -> 464.67078 | AK40: =AI40/1.5 -> 371.73662 | AL40: =SUM(6300/(1.732*AF40)) -> 3360.6711 | AM40: =SUM(6300/(2*AG40)) -> 2930.3563
A41: 2 | B41: Куст-43 | C41: К-59 | D41: 2.3 | E41: А | F41: Мартовская | G41: 6.101 | H41: 7.051 | J41: 6.86 | N41: =0.314*I41+0.249*J41+0.195*K41+0.159*L41+0.06*M41 -> 1.70814 | O41: =0.4*SUM(I41:M41) -> 2.744 | P41: =SQRT(POWER(N41,2)+POWER(O41+G41,2)) -> 9.0084276 | Q41: =SQRT(POWER(N41,2)+POWER(O41+H41,2)) -> 9.9428249 | R41: =37000/1.73/SQRT(POWER((G41+O41),2)+N41*N41) -> 2374.1417 | S41: =37000/2/SQRT(N41*N41+POWER((H41+O41),2)) -> 1860.6382 | T41: 1 | U41: ТМН-6300/35 | V41: 6.3 | W41: 11 | X41: 35 | Y41: 6.3 | Z41: 8.09 | AA41: 103,9/577,4 | AB41: 10 | AC41: =Z41/100*X41*X41/V41 -> 15.730556 | AD41: =SQRT(POWER(N41,2)+POWER(O41+AC41+G41,2)) -> 24.634847 | AE41: =SQRT(POWER(N41,2)+POWER(O41+AC41+H41,2)) -> 25.582645 | AF41: =SQRT(POWER((AC41+O41+G41),2)+POWER(N41,2))*POWER(6.3/X41,2) -> 0.79816903 | AG41: =SQRT(POWER((H41+O41+AC41),2)+POWER(N41,2))*POWER(6.3/X41,2) -> 0.8288777 | AH41: =37000/1.73/SQRT(POWER((G41+O41+AC41),2)+N41*N41) -> 868.17196 | AI41: =37000/2/SQRT(POWER((H41+O41+AC41),2)+N41*N41) -> 723.14649 | AJ41: =AI41/1.2 -> 602.62208 | AK41: =AI41/1.5 -> 482.09766 | AL41: =SUM(6300/(1.732*AF41)) -> 4557.1968 | AM41: =SUM(6300/(2*AG41)) -> 3800.3194
A42: 2 | D42: 2.3 | E42: А | F42: Мартовская | G42: 6.101 | H42: 7.051 | J42: 6.86 | N42: =0.314*I42+0.249*J42+0.195*K42+0.159*L42+0.06*M42 -> 1.70814 | O42: =0.4*SUM(I42:M42) -> 2.744 | P42: =SQRT(POWER(N42,2)+POWER(O42+G42,2)) -> 9.0084276 | Q42: =SQRT(POWER(N42,2)+POWER(O42+H42,2)) -> 9.9428249 | R42: =37000/1.73/SQRT(POWER((G42+O42),2)+N42*N42) -> 2374.1417 | S42: =37000/2/SQRT(N42*N42+POWER((H42+O42),2)) -> 1860.6382 | T42: 2 | U42: ТМН-6300/35 | V42: 6.3 | W42: 11 | X42: 35 | Y42: 6.3 | Z42: 8 | AA42: 103,9/577,4 | AB42: 10 | AC42: =Z42/100*X42*X42/V42 -> 15.555556 | AD42: =SQRT(POWER(N42,2)+POWER(O42+AC42+G42,2)) -> 24.460271 | AE42: =SQRT(POWER(N42,2)+POWER(O42+AC42+H42,2)) -> 25.408038 | AF42: =SQRT(POWER((AC42+O42+G42),2)+POWER(N42,2))*POWER(6.3/X42,2) -> 0.79251278 | AG42: =SQRT(POWER((H42+O42+AC42),2)+POWER(N42,2))*POWER(6.3/X42,2) -> 0.82322044 | AH42: =37000/1.73/SQRT(POWER((G42+O42+AC42),2)+N42*N42) -> 874.36821 | AI42: =37000/2/SQRT(POWER((H42+O42+AC42),2)+N42*N42) -> 728.11603 | AJ42: =AI42/1.2 -> 606.76336 | AK42: =AI42/1.5 -> 485.41069 | AL42: =SUM(6300/(1.732*AF42)) -> 4589.7221 | AM42: =SUM(6300/(2*AG42)) -> 3826.4356
A43: 2 | B43: Куст-50 | C43: К-59 | D43: 2.4 | E43: А | F43: Сев-Покурская | G43: 6.141 | H43: 6.81 | J43: 22.13 | N43: =0.314*I43+0.249*J43+0.195*K43+0.159*L43+0.06*M43 -> 5.51037 | O43: =0.4*SUM(I43:M43) -> 8.852 | P43: =SQRT(POWER(N43,2)+POWER(O43+G43,2)) -> 15.973548 | Q43: =SQRT(POWER(N43,2)+POWER(O43+H43,2)) -> 16.603085 | R43: =37000/1.73/SQRT(POWER((G43+O43),2)+N43*N43) -> 1338.9188 | S43: =37000/2/SQRT(N43*N43+POWER((H43+O43),2)) -> 1114.2508 | T43: 1 | U43: ТМН-6300/35 | V43: 6.3 | W43: 11 | X43: 35 | Y43: 6.3 | Z43: 8 | AA43: 103,9/577,4 | AB43: 5.32 | AC43: =Z43/100*X43*X43/V43 -> 15.555556 | AD43: =SQRT(POWER(N43,2)+POWER(O43+AC43+G43,2)) -> 31.04156 | AE43: =SQRT(POWER(N43,2)+POWER(O43+AC43+H43,2)) -> 31.700157 | AF43: =SQRT(POWER((AC43+O43+G43),2)+POWER(N43,2))*POWER(6.3/X43,2) -> 1.0057465 | AG43: =SQRT(POWER((H43+O43+AC43),2)+POWER(N43,2))*POWER(6.3/X43,2) -> 1.0270851 | AH43: =37000/1.73/SQRT(POWER((G43+O43+AC43),2)+N43*N43) -> 688.98868 | AI43: =37000/2/SQRT(POWER((H43+O43+AC43),2)+N43*N43) -> 583.59332 | AJ43: =AI43/1.2 -> 486.32777 | AK43: =AI43/1.5 -> 389.06222 | AL43: =SUM(6300/(1.732*AF43)) -> 3616.6303 | AM43: =SUM(6300/(2*AG43)) -> 3066.9319
A44: 2 | D44: 2.4 | E44: А | F44: Сев-Покурская | G44: 6.141 | H44: 6.81 | J44: 22.13 | N44: =0.314*I44+0.249*J44+0.195*K44+0.159*L44+0.06*M44 -> 5.51037 | O44: =0.4*SUM(I44:M44) -> 8.852 | P44: =SQRT(POWER(N44,2)+POWER(O44+G44,2)) -> 15.973548 | Q44: =SQRT(POWER(N44,2)+POWER(O44+H44,2)) -> 16.603085 | R44: =37000/1.73/SQRT(POWER((G44+O44),2)+N44*N44) -> 1338.9188 | S44: =37000/2/SQRT(N44*N44+POWER((H44+O44),2)) -> 1114.2508 | T44: 2 | U44: ТМН-6300/35 | V44: 6.3 | W44: 11 | X44: 35 | Y44: 6.3 | Z44: 8.08 | AA44: 103,9/577,4 | AB44: 5.32 | AC44: =Z44/100*X44*X44/V44 -> 15.711111 | AD44: =SQRT(POWER(N44,2)+POWER(O44+AC44+G44,2)) -> 31.194657 | AE44: =SQRT(POWER(N44,2)+POWER(O44+AC44+H44,2)) -> 31.853356 | AF44: =SQRT(POWER((AC44+O44+G44),2)+POWER(N44,2))*POWER(6.3/X44,2) -> 1.0107069 | AG44: =SQRT(POWER((H44+O44+AC44),2)+POWER(N44,2))*POWER(6.3/X44,2) -> 1.0320487 | AH44: =37000/1.73/SQRT(POWER((G44+O44+AC44),2)+N44*N44) -> 685.60726 | AI44: =37000/2/SQRT(POWER((H44+O44+AC44),2)+N44*N44) -> 580.78653 | AJ44: =AI44/1.2 -> 483.98877 | AK44: =AI44/1.5 -> 387.19102 | AL44: =SUM(6300/(1.732*AF44)) -> 3598.8806 | AM44: =SUM(6300/(2*AG44)) -> 3052.1815
A45: 2 | B45: Куст-224 | C45: К-59 | D45: 2.4 | E45: А | F45: Заобье | G45: 17.035 | H45: 18.81 | J45: 36.2 | N45: =0.314*I45+0.249*J45+0.195*K45+0.159*L45+0.06*M45 -> 9.0138 | O45: =0.4*SUM(I45:M45) -> 14.48 | P45: =SQRT(POWER(N45,2)+POWER(O45+G45,2)) -> 32.77871 | Q45: =SQRT(POWER(N45,2)+POWER(O45+H45,2)) -> 34.488733 | R45: =37000/1.73/SQRT(POWER((G45+O45),2)+N45*N45) -> 652.47483 | S45: =37000/2/SQRT(N45*N45+POWER((H45+O45),2)) -> 536.40707 | T45: 1 | U45: ТМН-6300/35 | V45: 6.3 | W45: 11 | X45: 35 | Y45: 6.3 | Z45: 7.8 | AA45: 103,9/577,4 | AB45: 10 | AC45: =Z45/100*X45*X45/V45 -> 15.166667 | AD45: =SQRT(POWER(N45,2)+POWER(O45+AC45+G45,2)) -> 47.543944 | AE45: =SQRT(POWER(N45,2)+POWER(O45+AC45+H45,2)) -> 49.2879 | AF45: =SQRT(POWER((AC45+O45+G45),2)+POWER(N45,2))*POWER(6.3/X45,2) -> 1.5404238 | AG45: =SQRT(POWER((H45+O45+AC45),2)+POWER(N45,2))*POWER(6.3/X45,2) -> 1.596928 | AH45: =37000/1.73/SQRT(POWER((G45+O45+AC45),2)+N45*N45) -> 449.84243 | AI45: =37000/2/SQRT(POWER((H45+O45+AC45),2)+N45*N45) -> 375.34567 | AJ45: =AI45/1.2 -> 312.78806 | AK45: =AI45/1.5 -> 250.23045 | AL45: =SUM(6300/(1.732*AF45)) -> 2361.307 | AM45: =SUM(6300/(2*AG45)) -> 1972.5373
A46: 2 | D46: 2.4 | E46: А | F46: Заобье | G46: 10.755 | H46: 12.53 | J46: 36.2 | N46: =0.314*I46+0.249*J46+0.195*K46+0.159*L46+0.06*M46 -> 9.0138 | O46: =0.4*SUM(I46:M46) -> 14.48 | P46: =SQRT(POWER(N46,2)+POWER(O46+G46,2)) -> 26.796526 | Q46: =SQRT(POWER(N46,2)+POWER(O46+H46,2)) -> 28.474351 | R46: =37000/1.73/SQRT(POWER((G46+O46),2)+N46*N46) -> 798.13641 | S46: =37000/2/SQRT(N46*N46+POWER((H46+O46),2)) -> 649.70751 | T46: 2 | U46: ТМН-6300/35 | V46: 6.3 | W46: 11 | X46: 35 | Y46: 6.3 | Z46: 7.8 | AA46: 103,9/577,4 | AB46: 10 | AC46: =Z46/100*X46*X46/V46 -> 15.166667 | AD46: =SQRT(POWER(N46,2)+POWER(O46+AC46+G46,2)) -> 41.394967 | AE46: =SQRT(POWER(N46,2)+POWER(O46+AC46+H46,2)) -> 43.129106 | AF46: =SQRT(POWER((AC46+O46+G46),2)+POWER(N46,2))*POWER(6.3/X46,2) -> 1.3411969 | AG46: =SQRT(POWER((H46+O46+AC46),2)+POWER(N46,2))*POWER(6.3/X46,2) -> 1.397383 | AH46: =37000/1.73/SQRT(POWER((G46+O46+AC46),2)+N46*N46) -> 516.66386 | AI46: =37000/2/SQRT(POWER((H46+O46+AC46),2)+N46*N46) -> 428.94466 | AJ46: =AI46/1.2 -> 357.45389 | AK46: =AI46/1.5 -> 285.96311 | AL46: =SUM(6300/(1.732*AF46)) -> 2712.0651 | AM46: =SUM(6300/(2*AG46)) -> 2254.2137
A47: 2 | B47: Западная | C47: ST-7 | D47: 2.5 | E47: А | F47: Еловая | G47: =G5 -> 5.0832301 | H47: =H5 -> 4.848992 | J47: 20.2 | N47: =0.314*I47+0.249*J47+0.195*K47+0.159*L47+0.06*M47 -> 5.0298 | O47: =0.4*SUM(I47:M47) -> 8.08 | P47: =SQRT(POWER(N47,2)+POWER(O47+G47,2)) -> 14.09147 | Q47: =SQRT(POWER(N47,2)+POWER(O47+H47,2)) -> 13.872913 | R47: =37000/1.73/SQRT(POWER((G47+O47),2)+N47*N47) -> 1517.7468 | S47: =37000/2/SQRT(N47*N47+POWER((H47+O47),2)) -> 1333.5339 | T47: 1 | U47: ТМН-6300/35 | V47: 6.3 | W47: 11 | X47: 35 | Y47: 6.3 | Z47: 7.47 | AA47: 103,92/577,33 | AB47: 10 | AC47: =Z47/100*X47*X47/V47 -> 14.525 | AD47: =SQRT(POWER(N47,2)+POWER(O47+AC47+G47,2)) -> 28.141375 | AE47: =SQRT(POWER(N47,2)+POWER(O47+AC47+H47,2)) -> 27.91094 | AF47: =SQRT(POWER((AC47+O47+G47),2)+POWER(N47,2))*POWER(6.3/X47,2) -> 0.91178054 | AG47: =SQRT(POWER((H47+O47+AC47),2)+POWER(N47,2))*POWER(6.3/X47,2) -> 0.90431445 | AH47: =37000/1.73/SQRT(POWER((G47+O47+AC47),2)+N47*N47) -> 759.99426 | AI47: =37000/2/SQRT(POWER((H47+O47+AC47),2)+N47*N47) -> 662.82254 | AJ47: =AI47/1.2 -> 552.35212 | AK47: =AI47/1.5 -> 441.88169 | AL47: =SUM(6300/(1.732*AF47)) -> 3989.3519 | AM47: =SUM(6300/(2*AG47)) -> 3483.3016
A48: 2 | D48: 2.5 | E48: А | F48: Еловая | G48: =G6 -> 5.0835974 | H48: =H6 -> 4.848992 | J48: 20.2 | N48: =0.314*I48+0.249*J48+0.195*K48+0.159*L48+0.06*M48 -> 5.0298 | O48: =0.4*SUM(I48:M48) -> 8.08 | P48: =SQRT(POWER(N48,2)+POWER(O48+G48,2)) -> 14.091813 | Q48: =SQRT(POWER(N48,2)+POWER(O48+H48,2)) -> 13.872913 | R48: =37000/1.73/SQRT(POWER((G48+O48),2)+N48*N48) -> 1517.7099 | S48: =37000/2/SQRT(N48*N48+POWER((H48+O48),2)) -> 1333.5339 | T48: 2 | U48: ТМН-6300/35 | V48: 6.3 | W48: 11 | X48: 35 | Y48: 6.3 | Z48: 7.42 | AA48: 103,92/577,33 | AB48: 10 | AC48: =Z48/100*X48*X48/V48 -> 14.427778 | AD48: =SQRT(POWER(N48,2)+POWER(O48+AC48+G48,2)) -> 28.046085 | AE48: =SQRT(POWER(N48,2)+POWER(O48+AC48+H48,2)) -> 27.815315 | AF48: =SQRT(POWER((AC48+O48+G48),2)+POWER(N48,2))*POWER(6.3/X48,2) -> 0.90869315 | AG48: =SQRT(POWER((H48+O48+AC48),2)+POWER(N48,2))*POWER(6.3/X48,2) -> 0.9012162 | AH48: =37000/1.73/SQRT(POWER((G48+O48+AC48),2)+N48*N48) -> 762.57643 | AI48: =37000/2/SQRT(POWER((H48+O48+AC48),2)+N48*N48) -> 665.10123 | AJ48: =AI48/1.2 -> 554.25102 | AK48: =AI48/1.5 -> 443.40082 | AL48: =SUM(6300/(1.732*AF48)) -> 4002.9062 | AM48: =SUM(6300/(2*AG48)) -> 3495.2767
A49: 2 | B49: ЦПС-1 | C49: К-59 | D49: 5.6 | E49: А | F49: Мартыновская | G49: =Мартыновская!G15 -> 4.9020181 | H49: =Мартыновская!H15 -> 5.2862861 | J49: 40.86 | M49: 1.81 | N49: =0.314*I49+0.249*J49+0.195*K49+0.159*L49+0.06*M49 -> 10.28274 | O49: =0.4*SUM(I49:M49) -> 17.068 | P49: =SQRT(POWER(N49,2)+POWER(O49+G49,2)) -> 24.257297 | Q49: =SQRT(POWER(N49,2)+POWER(O49+H49,2)) -> 24.60587 | R49: =37000/1.73/SQRT(POWER((G49+O49),2)+N49*N49) -> 881.68453 | S49: =37000/2/SQRT(N49*N49+POWER((H49+O49),2)) -> 751.85311 | T49: 1 | U49: ТМН-6300/35 | V49: 6.3 | W49: 11 | X49: 35 | Y49: 6.3 | Z49: 7.83 | AA49: 103,9/577,4 | AC49: =Z49/100*X49*X49/V49 -> 15.225 | AD49: =SQRT(POWER(N49,2)+POWER(O49+AC49+G49,2)) -> 38.590208 | AE49: =SQRT(POWER(N49,2)+POWER(O49+AC49+H49,2)) -> 38.960717 | AF49: =SQRT(POWER((AC49+O49+G49),2)+POWER(N49,2))*POWER(6.3/X49,2) -> 1.2503227 | AG49: =SQRT(POWER((H49+O49+AC49),2)+POWER(N49,2))*POWER(6.3/X49,2) -> 1.2623272 | AH49: =37000/1.73/SQRT(POWER((G49+O49+AC49),2)+N49*N49) -> 554.21529 | AI49: =37000/2/SQRT(POWER((H49+O49+AC49),2)+N49*N49) -> 474.83725 | AJ49: =AI49/1.2 -> 395.69771 | AK49: =AI49/1.5 -> 316.55817 | AL49: =SUM(6300/(1.732*AF49)) -> 2909.1796 | AM49: =SUM(6300/(2*AG49)) -> 2495.391
A50: 2 | D50: 5.6 | E50: А | F50: Мартыновская | G50: =Мартыновская!G16 -> 4.8982573 | H50: =Мартыновская!H16 -> 5.2312064 | J50: 40.86 | M50: 1.81 | N50: =0.314*I50+0.249*J50+0.195*K50+0.159*L50+0.06*M50 -> 10.28274 | O50: =0.4*SUM(I50:M50) -> 17.068 | P50: =SQRT(POWER(N50,2)+POWER(O50+G50,2)) -> 24.25389 | Q50: =SQRT(POWER(N50,2)+POWER(O50+H50,2)) -> 24.555841 | R50: =37000/1.73/SQRT(POWER((G50+O50),2)+N50*N50) -> 881.80835 | S50: =37000/2/SQRT(N50*N50+POWER((H50+O50),2)) -> 753.38489 | T50: 2 | U50: ТМН-6300/35 | V50: 6.3 | W50: 11 | X50: 35 | Y50: 6.3 | Z50: 7.5 | AA50: 103,9/577,4 | AC50: =Z50/100*X50*X50/V50 -> 14.583333 | AD50: =SQRT(POWER(N50,2)+POWER(O50+AC50+G50,2)) -> 37.968504 | AE50: =SQRT(POWER(N50,2)+POWER(O50+AC50+H50,2)) -> 38.289117 | AF50: =SQRT(POWER((AC50+O50+G50),2)+POWER(N50,2))*POWER(6.3/X50,2) -> 1.2301795 | AG50: =SQRT(POWER((H50+O50+AC50),2)+POWER(N50,2))*POWER(6.3/X50,2) -> 1.2405674 | AH50: =37000/1.73/SQRT(POWER((G50+O50+AC50),2)+N50*N50) -> 563.29012 | AI50: =37000/2/SQRT(POWER((H50+O50+AC50),2)+N50*N50) -> 483.16601 | AJ50: =AI50/1.2 -> 402.63834 | AK50: =AI50/1.5 -> 322.11068 | AL50: =SUM(6300/(1.732*AF50)) -> 2956.8151 | AM50: =SUM(6300/(2*AG50)) -> 2539.1607
A51: 2 | B51: ЦПС-2 | C51: ST-7 | D51: 2.4 | E51: А | F51: Заобье | G51: 17.035 | H51: 18.81 | J51: 45.48 | N51: =0.314*I51+0.249*J51+0.195*K51+0.159*L51+0.06*M51 -> 11.32452 | O51: =0.4*SUM(I51:M51) -> 18.192 | P51: =SQRT(POWER(N51,2)+POWER(O51+G51,2)) -> 37.002517 | Q51: =SQRT(POWER(N51,2)+POWER(O51+H51,2)) -> 38.696159 | R51: =37000/1.73/SQRT(POWER((G51+O51),2)+N51*N51) -> 577.99536 | S51: =37000/2/SQRT(N51*N51+POWER((H51+O51),2)) -> 478.08362 | T51: 1 | U51: ТМН-6300/35 | V51: 6.3 | W51: 11 | X51: 35 | Y51: 6.3 | Z51: 7.96 | AA51: 103,9/577,4 | AB51: 6 | AC51: =Z51/100*X51*X51/V51 -> 15.477778 | AD51: =SQRT(POWER(N51,2)+POWER(O51+AC51+G51,2)) -> 51.954011 | AE51: =SQRT(POWER(N51,2)+POWER(O51+AC51+H51,2)) -> 53.687725 | AF51: =SQRT(POWER((AC51+O51+G51),2)+POWER(N51,2))*POWER(6.3/X51,2) -> 1.68331 | AG51: =SQRT(POWER((H51+O51+AC51),2)+POWER(N51,2))*POWER(6.3/X51,2) -> 1.7394823 | AH51: =37000/1.73/SQRT(POWER((G51+O51+AC51),2)+N51*N51) -> 411.65798 | AI51: =37000/2/SQRT(POWER((H51+O51+AC51),2)+N51*N51) -> 344.58528 | AJ51: =AI51/1.2 -> 287.1544 | AK51: =AI51/1.5 -> 229.72352 | AL51: =SUM(6300/(1.732*AF51)) -> 2160.8697 | AM51: =SUM(6300/(2*AG51)) -> 1810.8836
A52: 2 | D52: 2.4 | E52: А | F52: Заобье | G52: 10.755 | H52: 12.53 | J52: 45.48 | N52: =0.314*I52+0.249*J52+0.195*K52+0.159*L52+0.06*M52 -> 11.32452 | O52: =0.4*SUM(I52:M52) -> 18.192 | P52: =SQRT(POWER(N52,2)+POWER(O52+G52,2)) -> 31.083333 | Q52: =SQRT(POWER(N52,2)+POWER(O52+H52,2)) -> 32.742725 | R52: =37000/1.73/SQRT(POWER((G52+O52),2)+N52*N52) -> 688.06275 | S52: =37000/2/SQRT(N52*N52+POWER((H52+O52),2)) -> 565.01101 | T52: 2 | U52: ТМН-6300/35 | V52: 6.3 | W52: 11 | X52: 35 | Y52: 6.3 | Z52: 7.97 | AA52: 103,9/577,4 | AB52: 6 | AC52: =Z52/100*X52*X52/V52 -> 15.497222 | AD52: =SQRT(POWER(N52,2)+POWER(O52+AC52+G52,2)) -> 45.864296 | AE52: =SQRT(POWER(N52,2)+POWER(O52+AC52+H52,2)) -> 47.586356 | AF52: =SQRT(POWER((AC52+O52+G52),2)+POWER(N52,2))*POWER(6.3/X52,2) -> 1.4860032 | AG52: =SQRT(POWER((H52+O52+AC52),2)+POWER(N52,2))*POWER(6.3/X52,2) -> 1.5417979 | AH52: =37000/1.73/SQRT(POWER((G52+O52+AC52),2)+N52*N52) -> 466.31662 | AI52: =37000/2/SQRT(POWER((H52+O52+AC52),2)+N52*N52) -> 388.7669 | AJ52: =AI52/1.2 -> 323.97242 | AK52: =AI52/1.5 -> 259.17793 | AL52: =SUM(6300/(1.732*AF52)) -> 2447.783 | AM52: =SUM(6300/(2*AG52)) -> 2043.0693
A53: 2 | B53: КНС-2 | C53: К-47 | D53: 2.5 | E53: А | F53: Еловая | G53: =G5 -> 5.0832301 | H53: =H5 -> 4.848992 | J53: 20.1 | N53: =0.314*I53+0.249*J53+0.195*K53+0.159*L53+0.06*M53 -> 5.0049 | O53: =0.4*SUM(I53:M53) -> 8.04 | P53: =SQRT(POWER(N53,2)+POWER(O53+G53,2)) -> 14.04522 | Q53: =SQRT(POWER(N53,2)+POWER(O53+H53,2)) -> 13.82661 | R53: =37000/1.73/SQRT(POWER((G53+O53),2)+N53*N53) -> 1522.7447 | S53: =37000/2/SQRT(N53*N53+POWER((H53+O53),2)) -> 1337.9997 | T53: 1 | U53: ТДНС-10000/35-УХЛ1 | V53: 10 | W53: 11 | X53: 36.75 | Y53: 6.3 | Z53: 8.02 | AA53: 157,1/916,3 | AB53: 9 | AC53: =Z53/100*X53*X53/V53 -> 10.831511 | AD53: =SQRT(POWER(N53,2)+POWER(O53+AC53+G53,2)) -> 24.471997 | AE53: =SQRT(POWER(N53,2)+POWER(O53+AC53+H53,2)) -> 24.242758 | AF53: =SQRT(POWER((AC53+O53+G53),2)+POWER(N53,2))*POWER(6.3/X53,2) -> 0.71917707 | AG53: =SQRT(POWER((H53+O53+AC53),2)+POWER(N53,2))*POWER(6.3/X53,2) -> 0.71244022 | AH53: =37000/1.73/SQRT(POWER((G53+O53+AC53),2)+N53*N53) -> 873.94923 | AI53: =37000/2/SQRT(POWER((H53+O53+AC53),2)+N53*N53) -> 763.11451 | AJ53: =AI53/1.2 -> 635.92876 | AK53: =AI53/1.5 -> 508.743 | AL53: =SUM(6300/(1.732*AF53)) -> 5057.7439 | AM53: =SUM(6300/(2*AG53)) -> 4421.4236
A54: 2 | D54: 2.5 | E54: А | F54: Еловая | G54: =G6 -> 5.0835974 | H54: =H6 -> 4.848992 | J54: 20.1 | N54: =0.314*I54+0.249*J54+0.195*K54+0.159*L54+0.06*M54 -> 5.0049 | O54: =0.4*SUM(I54:M54) -> 8.04 | P54: =SQRT(POWER(N54,2)+POWER(O54+G54,2)) -> 14.045563 | Q54: =SQRT(POWER(N54,2)+POWER(O54+H54,2)) -> 13.82661 | R54: =37000/1.73/SQRT(POWER((G54+O54),2)+N54*N54) -> 1522.7075 | S54: =37000/2/SQRT(N54*N54+POWER((H54+O54),2)) -> 1337.9997 | T54: 2 | U54: ТДНС-10000/35-УХЛ1 | V54: 10 | W54: 11 | X54: 36.75 | Y54: 6.3 | Z54: 8.16 | AA54: 157,1/916,3 | AB54: 9 | AC54: =Z54/100*X54*X54/V54 -> 11.02059 | AD54: =SQRT(POWER(N54,2)+POWER(O54+AC54+G54,2)) -> 24.65747 | AE54: =SQRT(POWER(N54,2)+POWER(O54+AC54+H54,2)) -> 24.427794 | AF54: =SQRT(POWER((AC54+O54+G54),2)+POWER(N54,2))*POWER(6.3/X54,2) -> 0.72462768 | AG54: =SQRT(POWER((H54+O54+AC54),2)+POWER(N54,2))*POWER(6.3/X54,2) -> 0.71787804 | AH54: =37000/1.73/SQRT(POWER((G54+O54+AC54),2)+N54*N54) -> 867.37543 | AI54: =37000/2/SQRT(POWER((H54+O54+AC54),2)+N54*N54) -> 757.33403 | AJ54: =AI54/1.2 -> 631.1117 | AK54: =AI54/1.5 -> 504.88936 | AL54: =SUM(6300/(1.732*AF54)) -> 5019.6998 | AM54: =SUM(6300/(2*AG54)) -> 4387.932
A55: 2 | B55: КНС-2Б | C55: К-59 | D55: 2.4 | E55: А | F55: Сев-Покурская | G55: 6.141 | H55: 6.81 | J55: 15 | N55: =0.314*I55+0.249*J55+0.195*K55+0.159*L55+0.06*M55 -> 3.735 | O55: =0.4*SUM(I55:M55) -> 6 | P55: =SQRT(POWER(N55,2)+POWER(O55+G55,2)) -> 12.702524 | Q55: =SQRT(POWER(N55,2)+POWER(O55+H55,2)) -> 13.3434 | R55: =37000/1.73/SQRT(POWER((G55+O55),2)+N55*N55) -> 1683.7035 | S55: =37000/2/SQRT(N55*N55+POWER((H55+O55),2)) -> 1386.4532 | T55: 1 | U55: ТДНС-10000/35-УХЛ1 | V55: 10 | W55: 11 | X55: 36.75 | Y55: 6.3 | Z55: 8.26 | AA55: 157,1/916,4 | AB55: 12 | AC55: =Z55/100*X55*X55/V55 -> 11.155646 | AD55: =SQRT(POWER(N55,2)+POWER(O55+AC55+G55,2)) -> 23.594151 | AE55: =SQRT(POWER(N55,2)+POWER(O55+AC55+H55,2)) -> 24.254946 | AF55: =SQRT(POWER((AC55+O55+G55),2)+POWER(N55,2))*POWER(6.3/X55,2) -> 0.69337913 | AG55: =SQRT(POWER((H55+O55+AC55),2)+POWER(N55,2))*POWER(6.3/X55,2) -> 0.71279843 | AH55: =37000/1.73/SQRT(POWER((G55+O55+AC55),2)+N55*N55) -> 906.46548 | AI55: =37000/2/SQRT(POWER((H55+O55+AC55),2)+N55*N55) -> 762.73102 | AJ55: =AI55/1.2 -> 635.60918 | AK55: =AI55/1.5 -> 508.48735 | AL55: =SUM(6300/(1.732*AF55)) -> 5245.9228 | AM55: =SUM(6300/(2*AG55)) -> 4419.2017
A56: 2 | D56: 2.4 | E56: А | F56: Сев-Покурская | G56: 6.141 | H56: 6.81 | J56: 15 | N56: =0.314*I56+0.249*J56+0.195*K56+0.159*L56+0.06*M56 -> 3.735 | O56: =0.4*SUM(I56:M56) -> 6 | P56: =SQRT(POWER(N56,2)+POWER(O56+G56,2)) -> 12.702524 | Q56: =SQRT(POWER(N56,2)+POWER(O56+H56,2)) -> 13.3434 | R56: =37000/1.73/SQRT(POWER((G56+O56),2)+N56*N56) -> 1683.7035 | S56: =37000/2/SQRT(N56*N56+POWER((H56+O56),2)) -> 1386.4532 | T56: 2 | U56: ТДНС-10000/35-УХЛ1 | V56: 10 | W56: 11 | X56: 36.75 | Y56: 6.3 | Z56: 8.21 | AA56: 157,1/916,4 | AB56: 12 | AC56: =Z56/100*X56*X56/V56 -> 11.088118 | AD56: =SQRT(POWER(N56,2)+POWER(O56+AC56+G56,2)) -> 23.527477 | AE56: =SQRT(POWER(N56,2)+POWER(O56+AC56+H56,2)) -> 24.188226 | AF56: =SQRT(POWER((AC56+O56+G56),2)+POWER(N56,2))*POWER(6.3/X56,2) -> 0.69141972 | AG56: =SQRT(POWER((H56+O56+AC56),2)+POWER(N56,2))*POWER(6.3/X56,2) -> 0.71083766 | AH56: =37000/1.73/SQRT(POWER((G56+O56+AC56),2)+N56*N56) -> 909.0343 | AI56: =37000/2/SQRT(POWER((H56+O56+AC56),2)+N56*N56) -> 764.83493 | AJ56: =AI56/1.2 -> 637.36244 | AK56: =AI56/1.5 -> 509.88995 | AL56: =SUM(6300/(1.732*AF56)) -> 5260.7892 | AM56: =SUM(6300/(2*AG56)) -> 4431.3915
A58: РАСЧЕТ от 10.06.2021 года
D59: №Ф-110кВ | F59: Головная ПС | G59: Хвл-110кВ реоктансы перед трансформатором 110/35/6 Еловая | N59: Хвл-110кВ | P59: Реактансы на ЛР 110кВ ПС 110/35/6кВ | R59: Токи на с.ш.110кВ ПС 110/35/6кВ до трансф. | U59: Тип трансформатора | V59: S | X59: U ВН | Y59: U HН | Z59: Uкз | AD59: Реактансы на с.ш.110кВ ПС 110/35/6кВ | AF59: Реактансы на с.ш.35кВ ПС 110/35/6кВ | AH59: Токи на с.ш.35кВ ПС 110/35/6кВ после трансф., приведенные к стороне 110кВ | AL59: Токи на с.ш.35кВ ПС 110/35/6кВ после трансф., приведенные к стороне 35кВ
A60: 2 | B60: ПС 110/35/6 кВ "Еловая" | D60: ВЛ-110 Васильев-Урьевская 1 | E60: Н | F60: ПС 220 кВ Урьевская | G60: 3.546 | H60: 11.621 | J60: 48.05 | N60: =0.314*I60+0.249*J60+0.195*K60+0.159*L60+0.06*M60 -> 11.96445 | O60: =0.4*SUM(I60:M60) -> 19.22 | P60: =SQRT(POWER(N60,2)+POWER(O60+G60,2)) -> 25.718453 | Q60: =SQRT(POWER(N60,2)+POWER(O60+H60,2)) -> 33.080437 | R60: =115000/1.73/SQRT(POWER((G60+O60),2)+N60*N60) -> 2584.6807 | S60: =115000/2/SQRT(N60*N60+POWER((H60+O60),2)) -> 1738.1874 | T60: 1 | U60: ТДТН-25000/110-УХЛ1 | V60: 25 | W60: 11 | X60: 115 | Y60: 37 | Z60: 10.17 | AC60: =Z60/100*X60*X60/V60 -> 53.7993 | AD60: =SQRT(POWER(N60,2)+POWER(O60+AC60+G60,2)) -> 77.494472 | AE60: =SQRT(POWER(N60,2)+POWER(O60+AC60+H60,2)) -> 85.481743 | AF60: =SQRT(POWER((AC60+O60+G60),2)+POWER(N60,2))*POWER(37/X60,2) -> 8.0219231 | AG60: =SQRT(POWER((H60+O60+AC60),2)+POWER(N60,2))*POWER(37/X60,2) -> 8.848734 | AH60: =115000/1.73/SQRT(POWER((G60+O60+AC60),2)+N60*N60) -> 857.79007 | AI60: =115000/2/SQRT(POWER((H60+O60+AC60),2)+N60*N60) -> 672.65825 | AJ60: =AI60/1.2 -> 560.54854 | AK60: =AI60/1.5 -> 448.43883 | AL60: =SUM(37000/(1.732*AF60)) -> 2663.0256 | AM60: =SUM(37000/(2*AG60)) -> 2090.6946
A61: 2 | D61: ВЛ-110 Васильев-Урьевская 2 | E61: А | F61: ПС 220 кВ Урьевская | G61: 3.546 | H61: 10.498 | J61: 48.05 | N61: =0.314*I61+0.249*J61+0.195*K61+0.159*L61+0.06*M61 -> 11.96445 | O61: =0.4*SUM(I61:M61) -> 19.22 | P61: =SQRT(POWER(N61,2)+POWER(O61+G61,2)) -> 25.718453 | Q61: =SQRT(POWER(N61,2)+POWER(O61+H61,2)) -> 32.036036 | R61: =115000/1.73/SQRT(POWER((G61+O61),2)+N61*N61) -> 2584.6807 | S61: =115000/2/SQRT(N61*N61+POWER((H61+O61),2)) -> 1794.8538 | T61: 2 | U61: ТДТН-25000/110-УХЛ1 | V61: 25 | W61: 11 | X61: 115 | Y61: 37 | Z61: 10.17 | AC61: =Z61/100*X61*X61/V61 -> 53.7993 | AD61: =SQRT(POWER(N61,2)+POWER(O61+AC61+G61,2)) -> 77.494472 | AE61: =SQRT(POWER(N61,2)+POWER(O61+AC61+H61,2)) -> 84.369944 | AF61: =SQRT(POWER((AC61+O61+G61),2)+POWER(N61,2))*POWER(37/X61,2) -> 8.0219231 | AG61: =SQRT(POWER((H61+O61+AC61),2)+POWER(N61,2))*POWER(37/X61,2) -> 8.7336449 | AH61: =115000/1.73/SQRT(POWER((G61+O61+AC61),2)+N61*N61) -> 857.79007 | AI61: =115000/2/SQRT(POWER((H61+O61+AC61),2)+N61*N61) -> 681.52232 | AJ61: =AI61/1.2 -> 567.93527 | AK61: =AI61/1.5 -> 454.34821 | AL61: =SUM(37000/(1.732*AF61)) -> 2663.0256 | AM61: =SUM(37000/(2*AG61)) -> 2118.245
A62: 2 | B62: ПС 110/35/6 кВ "Еловая" | D62: ВЛ-110 Васильев-Урьевская 1 | E62: Н | F62: ПС 110 кВ Васильев | G62: 4.154 | H62: 6.887 | J62: 1.85 | N62: =0.314*I62+0.249*J62+0.195*K62+0.159*L62+0.06*M62 -> 0.46065 | O62: =0.4*SUM(I62:M62) -> 0.74 | P62: =SQRT(POWER(N62,2)+POWER(O62+G62,2)) -> 4.9156316 | Q62: =SQRT(POWER(N62,2)+POWER(O62+H62,2)) -> 7.6408983 | R62: =115000/1.73/SQRT(POWER((G62+O62),2)+N62*N62) -> 13522.98 | S62: =115000/2/SQRT(N62*N62+POWER((H62+O62),2)) -> 7525.2932 | T62: 1 | U62: ТДТН-25000/110-УХЛ1 | V62: 25 | W62: 11 | X62: 115 | Y62: 37 | Z62: 10.17 | AC62: =Z62/100*X62*X62/V62 -> 53.7993 | AD62: =SQRT(POWER(N62,2)+POWER(O62+AC62+G62,2)) -> 58.695108 | AE62: =SQRT(POWER(N62,2)+POWER(O62+AC62+H62,2)) -> 61.428027 | AF62: =SQRT(POWER((AC62+O62+G62),2)+POWER(N62,2))*POWER(37/X62,2) -> 6.0758868 | AG62: =SQRT(POWER((H62+O62+AC62),2)+POWER(N62,2))*POWER(37/X62,2) -> 6.3587878 | AH62: =37000/1.73/SQRT(POWER((G62+O62+AC62),2)+N62*N62) -> 364.37932 | AI62: =37000/2/SQRT(POWER((H62+O62+AC62),2)+N62*N62) -> 301.16546 | AJ62: =AI62/1.2 -> 250.97122 | AK62: =AI62/1.5 -> 200.77697 | AL62: =SUM(37000/(1.732*AF62)) -> 3515.9619 | AM62: =SUM(37000/(2*AG62)) -> 2909.3595
A63: 2 | D63: ВЛ-110 Васильев-Урьевская 2 | E63: А | F63: ПС 110 кВ Васильев | G63: 4.154 | H63: 6.887 | J63: 1.85 | N63: =0.314*I63+0.249*J63+0.195*K63+0.159*L63+0.06*M63 -> 0.46065 | O63: =0.4*SUM(I63:M63) -> 0.74 | P63: =SQRT(POWER(N63,2)+POWER(O63+G63,2)) -> 4.9156316 | Q63: =SQRT(POWER(N63,2)+POWER(O63+H63,2)) -> 7.6408983 | R63: =115000/1.73/SQRT(POWER((G63+O63),2)+N63*N63) -> 13522.98 | S63: =115000/2/SQRT(N63*N63+POWER((H63+O63),2)) -> 7525.2932 | T63: 2 | U63: ТДТН-25000/110-УХЛ1 | V63: 25 | W63: 11 | X63: 115 | Y63: 37 | Z63: 10.17 | AC63: =Z63/100*X63*X63/V63 -> 53.7993 | AD63: =SQRT(POWER(N63,2)+POWER(O63+AC63+G63,2)) -> 58.695108 | AE63: =SQRT(POWER(N63,2)+POWER(O63+AC63+H63,2)) -> 61.428027 | AF63: =SQRT(POWER((AC63+O63+G63),2)+POWER(N63,2))*POWER(37/X63,2) -> 6.0758868 | AG63: =SQRT(POWER((H63+O63+AC63),2)+POWER(N63,2))*POWER(37/X63,2) -> 6.3587878 | AH63: =37000/1.73/SQRT(POWER((G63+O63+AC63),2)+N63*N63) -> 364.37932 | AI63: =37000/2/SQRT(POWER((H63+O63+AC63),2)+N63*N63) -> 301.16546 | AJ63: =AI63/1.2 -> 250.97122 | AK63: =AI63/1.5 -> 200.77697 | AL63: =SUM(37000/(1.732*AF63)) -> 3515.9619 | AM63: =SUM(37000/(2*AG63)) -> 2909.3595
A64: СР | B64: Наименование ПС 35/6кВ | C64: Тип ПС | D64: №Ф-35кВ | E64: Режим | F64: Головная ПС | G64: Реактансы на с.ш.35кВ ПС 110/35/6кВ | I64: Длина ВЛ-35кВ | N64: Хвл-35кВ | P64: Реактансы на ЛР 35кВ ПС 35/6кВ | R64: Токи на с.ш.35кВ ПС 35/6кВ до трансф. | T64: № тр-ра | U64: Тип | V64: S | W64: Груп Соед | X64: U ВН | Y64: U HН | Z64: Uкз | AA64: Iвн/Iнн | AB64: РПН | AC64: Хтмак | AD64: Реактансы на с.ш.35кВ ПС 35/6кВ | AF64: Реактансы на с.ш.6кВ ПС 35/6кВ | AH64: Токи на с.ш.6кВ ПС 35/6кВ после трансф., приведенные к стороне 35кВ | AJ64: Кч=1.2 | AK64: Кч=1.5 | AL64: Токи на с.ш.6кВ ПС 35/6кВ после трансф., приведенные к стороне 6,3кВ
G65: Хсмакc | H65: Хсмин | I65: АС-95 | J65: АС-120 | K65: АС-150 | L65: АС-185 | M65: АС-500 | P65: Хмакс | Q65: Хмин | R65: Iмакс | S65: Iмин | AD65: Хмакс | AE65: Хмин | AF65: Хмакс | AG65: Хмин | AH65: Iмакс | AI65: Iмин | AL65: Iмакс | AM65: Iмин
G66: Ом | H66: Ом | I66: км | J66: км | K66: км | L66: км | M66: км | N66: Ом | O66: Ом | P66: Ом | Q66: Ом | R66: А | S66: А | V66: МВА | X66: кВ | Y66: кВ | Z66: % | AA66: А | AB66: % | AC66: Ом | AD66: Ом | AE66: Ом | AF66: Ом | AG66: Ом | AH66: А | AI66: А | AJ66: А | AK66: А | AL66: А | AM66: А
A67: 2 | B67: Куст-4 | C67: К-63 | D67: 2.5 | E67: Н | F67: Еловая | G67: 8.022 | H67: 8.849 | J67: 30.32 | N67: =0.314*I67+0.249*J67+0.195*K67+0.159*L67+0.06*M67 -> 7.54968 | O67: =0.4*SUM(I67:M67) -> 12.128 | P67: =SQRT(POWER(N67,2)+POWER(O67+G67,2)) -> 21.517903 | Q67: =SQRT(POWER(N67,2)+POWER(O67+H67,2)) -> 22.294219 | R67: =37000/1.73/SQRT(POWER((G67+O67),2)+N67*N67) -> 993.9297 | S67: =37000/2/SQRT(N67*N67+POWER((H67+O67),2)) -> 829.81153 | T67: 1 | U67: ТМН-6300/35 | V67: 6.3 | W67: 11 | X67: 35 | Y67: 6.3 | Z67: 7.4 | AA67: 103,9/577,4 | AC67: =Z67/100*X67*X67/V67 -> 14.388889 | AD67: =SQRT(POWER(N67,2)+POWER(O67+AC67+G67,2)) -> 35.354385 | AE67: =SQRT(POWER(N67,2)+POWER(O67+AC67+H67,2)) -> 36.16274 | AF67: =SQRT(POWER((AC67+O67+G67),2)+POWER(N67,2))*POWER(6.3/X67,2) -> 1.1454821 | AG67: =SQRT(POWER((H67+O67+AC67),2)+POWER(N67,2))*POWER(6.3/X67,2) -> 1.1716728 | AH67: =37000/1.73/SQRT(POWER((G67+O67+AC67),2)+N67*N67) -> 604.94005 | AI67: =37000/2/SQRT(POWER((H67+O67+AC67),2)+N67*N67) -> 511.57628 | AJ67: =AI67/1.2 -> 426.31357 | AK67: =AI67/1.5 -> 341.05085 | AL67: =SUM(6300/(1.732*AF67)) -> 3175.4433 | AM67: =SUM(6300/(2*AG67)) -> 2688.4639
A68: 2 | D68: 2.5 | E68: Н | F68: Еловая | G68: 8.0219231 | H68: 8.7336449 | J68: 30.32 | N68: =0.314*I68+0.249*J68+0.195*K68+0.159*L68+0.06*M68 -> 7.54968 | O68: =0.4*SUM(I68:M68) -> 12.128 | P68: =SQRT(POWER(N68,2)+POWER(O68+G68,2)) -> 21.517831 | Q68: =SQRT(POWER(N68,2)+POWER(O68+H68,2)) -> 22.185714 | R68: =37000/1.73/SQRT(POWER((G68+O68),2)+N68*N68) -> 993.93302 | S68: =37000/2/SQRT(N68*N68+POWER((H68+O68),2)) -> 833.86995 | T68: 2 | U68: ТМН-6300/35 | V68: 6.3 | W68: 11 | X68: 35 | Y68: 6.3 | Z68: 7.95 | AA68: 103,9/577,4 | AC68: =Z68/100*X68*X68/V68 -> 15.458333 | AD68: =SQRT(POWER(N68,2)+POWER(O68+AC68+G68,2)) -> 36.399802 | AE68: =SQRT(POWER(N68,2)+POWER(O68+AC68+H68,2)) -> 37.096341 | AF68: =SQRT(POWER((AC68+O68+G68),2)+POWER(N68,2))*POWER(6.3/X68,2) -> 1.1793536 | AG68: =SQRT(POWER((H68+O68+AC68),2)+POWER(N68,2))*POWER(6.3/X68,2) -> 1.2019214 | AH68: =37000/1.73/SQRT(POWER((G68+O68+AC68),2)+N68*N68) -> 587.56592 | AI68: =37000/2/SQRT(POWER((H68+O68+AC68),2)+N68*N68) -> 498.70148 | AJ68: =AI68/1.2 -> 415.58457 | AK68: =AI68/1.5 -> 332.46765 | AL68: =SUM(6300/(1.732*AF68)) -> 3084.2433 | AM68: =SUM(6300/(2*AG68)) -> 2620.8036
A69: 2 | B69: Куст-37 | C69: ST-7 | D69: 2.5 | E69: Н | F69: Еловая | G69: 8.022 | H69: 8.849 | J69: 16.35 | N69: =0.314*I69+0.249*J69+0.195*K69+0.159*L69+0.06*M69 -> 4.07115 | O69: =0.4*SUM(I69:M69) -> 6.54 | P69: =SQRT(POWER(N69,2)+POWER(O69+G69,2)) -> 15.120387 | Q69: =SQRT(POWER(N69,2)+POWER(O69+H69,2)) -> 15.918404 | R69: =37000/1.73/SQRT(POWER((G69+O69),2)+N69*N69) -> 1414.4666 | S69: =37000/2/SQRT(N69*N69+POWER((H69+O69),2)) -> 1162.1768 | T69: 1 | U69: ТМН-6300/35 | V69: 6.3 | W69: 11 | X69: 35 | Y69: 6.3 | Z69: 8 | AA69: 103,92/577,33 | AB69: 6 | AC69: =Z69/100*X69*X69/V69 -> 15.555556 | AD69: =SQRT(POWER(N69,2)+POWER(O69+AC69+G69,2)) -> 30.391469 | AE69: =SQRT(POWER(N69,2)+POWER(O69+AC69+H69,2)) -> 31.211212 | AF69: =SQRT(POWER((AC69+O69+G69),2)+POWER(N69,2))*POWER(6.3/X69,2) -> 0.98468361 | AG69: =SQRT(POWER((H69+O69+AC69),2)+POWER(N69,2))*POWER(6.3/X69,2) -> 1.0112433 | AH69: =37000/1.73/SQRT(POWER((G69+O69+AC69),2)+N69*N69) -> 703.72653 | AI69: =37000/2/SQRT(POWER((H69+O69+AC69),2)+N69*N69) -> 592.73571 | AJ69: =AI69/1.2 -> 493.94642 | AK69: =AI69/1.5 -> 395.15714 | AL69: =SUM(6300/(1.732*AF69)) -> 3693.992 | AM69: =SUM(6300/(2*AG69)) -> 3114.9774
A70: 2 | D70: 2.5 | E70: Н | F70: Еловая | G70: 8.0219231 | H70: 8.7336449 | J70: 16.35 | N70: =0.314*I70+0.249*J70+0.195*K70+0.159*L70+0.06*M70 -> 4.07115 | O70: =0.4*SUM(I70:M70) -> 6.54 | P70: =SQRT(POWER(N70,2)+POWER(O70+G70,2)) -> 15.120313 | Q70: =SQRT(POWER(N70,2)+POWER(O70+H70,2)) -> 15.806913 | R70: =37000/1.73/SQRT(POWER((G70+O70),2)+N70*N70) -> 1414.4736 | S70: =37000/2/SQRT(N70*N70+POWER((H70+O70),2)) -> 1170.374 | T70: 2 | U70: ТМН-6300/35 | V70: 6.3 | W70: 11 | X70: 35 | Y70: 6.3 | Z70: 7.91 | AA70: 103,92/577,33 | AB70: 6 | AC70: =Z70/100*X70*X70/V70 -> 15.380556 | AD70: =SQRT(POWER(N70,2)+POWER(O70+AC70+G70,2)) -> 30.21798 | AE70: =SQRT(POWER(N70,2)+POWER(O70+AC70+H70,2)) -> 30.923361 | AF70: =SQRT(POWER((AC70+O70+G70),2)+POWER(N70,2))*POWER(6.3/X70,2) -> 0.97906254 | AG70: =SQRT(POWER((H70+O70+AC70),2)+POWER(N70,2))*POWER(6.3/X70,2) -> 1.0019169 | AH70: =37000/1.73/SQRT(POWER((G70+O70+AC70),2)+N70*N70) -> 707.76682 | AI70: =37000/2/SQRT(POWER((H70+O70+AC70),2)+N70*N70) -> 598.25321 | AJ70: =AI70/1.2 -> 498.54434 | AK70: =AI70/1.5 -> 398.83547 | AL70: =SUM(6300/(1.732*AF70)) -> 3715.2003 | AM70: =SUM(6300/(2*AG70)) -> 3143.9733
A71: 2 | B71: Куст-43 | C71: К-59 | D71: 1.4 | E71: Н | F71: Еловая | G71: 8.022 | H71: 8.849 | J71: 11.3 | N71: =0.314*I71+0.249*J71+0.195*K71+0.159*L71+0.06*M71 -> 2.8137 | O71: =0.4*SUM(I71:M71) -> 4.52 | P71: =SQRT(POWER(N71,2)+POWER(O71+G71,2)) -> 12.853742 | Q71: =SQRT(POWER(N71,2)+POWER(O71+H71,2)) -> 13.661884 | R71: =37000/1.73/SQRT(POWER((G71+O71),2)+N71*N71) -> 1663.8955 | S71: =37000/2/SQRT(N71*N71+POWER((H71+O71),2)) -> 1354.1324 | T71: 1 | U71: ТМН-6300/35 | V71: 6.3 | W71: 11 | X71: 35 | Y71: 6.3 | Z71: 8.09 | AA71: 103,9/577,4 | AB71: 10 | AC71: =Z71/100*X71*X71/V71 -> 15.730556 | AD71: =SQRT(POWER(N71,2)+POWER(O71+AC71+G71,2)) -> 28.412221 | AE71: =SQRT(POWER(N71,2)+POWER(O71+AC71+H71,2)) -> 29.235271 | AF71: =SQRT(POWER((AC71+O71+G71),2)+POWER(N71,2))*POWER(6.3/X71,2) -> 0.92055596 | AG71: =SQRT(POWER((H71+O71+AC71),2)+POWER(N71,2))*POWER(6.3/X71,2) -> 0.94722276 | AH71: =37000/1.73/SQRT(POWER((G71+O71+AC71),2)+N71*N71) -> 752.74943 | AI71: =37000/2/SQRT(POWER((H71+O71+AC71),2)+N71*N71) -> 632.79729 | AJ71: =AI71/1.2 -> 527.33108 | AK71: =AI71/1.5 -> 421.86486 | AL71: =SUM(6300/(1.732*AF71)) -> 3951.3224 | AM71: =SUM(6300/(2*AG71)) -> 3325.5113
A72: 2 | D72: 1.4 | E72: Н | F72: Еловая | G72: 8.0219231 | H72: 8.7336449 | J72: 11.3 | N72: =0.314*I72+0.249*J72+0.195*K72+0.159*L72+0.06*M72 -> 2.8137 | O72: =0.4*SUM(I72:M72) -> 4.52 | P72: =SQRT(POWER(N72,2)+POWER(O72+G72,2)) -> 12.853666 | Q72: =SQRT(POWER(N72,2)+POWER(O72+H72,2)) -> 13.549022 | R72: =37000/1.73/SQRT(POWER((G72+O72),2)+N72*N72) -> 1663.9053 | S72: =37000/2/SQRT(N72*N72+POWER((H72+O72),2)) -> 1365.4122 | T72: 2 | U72: ТМН-6300/35 | V72: 6.3 | W72: 11 | X72: 35 | Y72: 6.3 | Z72: 8 | AA72: 103,9/577,4 | AB72: 10 | AC72: =Z72/100*X72*X72/V72 -> 15.555556 | AD72: =SQRT(POWER(N72,2)+POWER(O72+AC72+G72,2)) -> 28.23801 | AE72: =SQRT(POWER(N72,2)+POWER(O72+AC72+H72,2)) -> 28.946277 | AF72: =SQRT(POWER((AC72+O72+G72),2)+POWER(N72,2))*POWER(6.3/X72,2) -> 0.91491153 | AG72: =SQRT(POWER((H72+O72+AC72),2)+POWER(N72,2))*POWER(6.3/X72,2) -> 0.93785937 | AH72: =37000/1.73/SQRT(POWER((G72+O72+AC72),2)+N72*N72) -> 757.39343 | AI72: =37000/2/SQRT(POWER((H72+O72+AC72),2)+N72*N72) -> 639.11501 | AJ72: =AI72/1.2 -> 532.59584 | AK72: =AI72/1.5 -> 426.07667 | AL72: =SUM(6300/(1.732*AF72)) -> 3975.6996 | AM72: =SUM(6300/(2*AG72)) -> 3358.7125
A73: 2 | B73: Куст-50 | C73: К-59 | D73: 2.5 | E73: Н | F73: Еловая | G73: 8.022 | H73: 8.849 | J73: 19.58 | N73: =0.314*I73+0.249*J73+0.195*K73+0.159*L73+0.06*M73 -> 4.87542 | O73: =0.4*SUM(I73:M73) -> 7.832 | P73: =SQRT(POWER(N73,2)+POWER(O73+G73,2)) -> 16.586713 | Q73: =SQRT(POWER(N73,2)+POWER(O73+H73,2)) -> 17.37888 | R73: =37000/1.73/SQRT(POWER((G73+O73),2)+N73*N73) -> 1289.4227 | S73: =37000/2/SQRT(N73*N73+POWER((H73+O73),2)) -> 1064.5105 | T73: 1 | U73: ТМН-6300/35 | V73: 6.3 | W73: 11 | X73: 35 | Y73: 6.3 | Z73: 8 | AA73: 103,9/577,4 | AB73: 5.32 | AC73: =Z73/100*X73*X73/V73 -> 15.555556 | AD73: =SQRT(POWER(N73,2)+POWER(O73+AC73+G73,2)) -> 31.785687 | AE73: =SQRT(POWER(N73,2)+POWER(O73+AC73+H73,2)) -> 32.603148 | AF73: =SQRT(POWER((AC73+O73+G73),2)+POWER(N73,2))*POWER(6.3/X73,2) -> 1.0298563 | AG73: =SQRT(POWER((H73+O73+AC73),2)+POWER(N73,2))*POWER(6.3/X73,2) -> 1.056342 | AH73: =37000/1.73/SQRT(POWER((G73+O73+AC73),2)+N73*N73) -> 672.85893 | AI73: =37000/2/SQRT(POWER((H73+O73+AC73),2)+N73*N73) -> 567.42988 | AJ73: =AI73/1.2 -> 472.85823 | AK73: =AI73/1.5 -> 378.28658 | AL73: =SUM(6300/(1.732*AF73)) -> 3531.9622 | AM73: =SUM(6300/(2*AG73)) -> 2981.9888
A74: 2 | D74: 2.5 | E74: Н | F74: Еловая | G74: 8.0219231 | H74: 8.7336449 | J74: 19.58 | N74: =0.314*I74+0.249*J74+0.195*K74+0.159*L74+0.06*M74 -> 4.87542 | O74: =0.4*SUM(I74:M74) -> 7.832 | P74: =SQRT(POWER(N74,2)+POWER(O74+G74,2)) -> 16.586639 | Q74: =SQRT(POWER(N74,2)+POWER(O74+H74,2)) -> 17.268188 | R74: =37000/1.73/SQRT(POWER((G74+O74),2)+N74*N74) -> 1289.4284 | S74: =37000/2/SQRT(N74*N74+POWER((H74+O74),2)) -> 1071.3342 | T74: 2 | U74: ТМН-6300/35 | V74: 6.3 | W74: 11 | X74: 35 | Y74: 6.3 | Z74: 8.08 | AA74: 103,9/577,4 | AB74: 5.32 | AC74: =Z74/100*X74*X74/V74 -> 15.711111 | AD74: =SQRT(POWER(N74,2)+POWER(O74+AC74+G74,2)) -> 31.939335 | AE74: =SQRT(POWER(N74,2)+POWER(O74+AC74+H74,2)) -> 32.642897 | AF74: =SQRT(POWER((AC74+O74+G74),2)+POWER(N74,2))*POWER(6.3/X74,2) -> 1.0348344 | AG74: =SQRT(POWER((H74+O74+AC74),2)+POWER(N74,2))*POWER(6.3/X74,2) -> 1.0576298 | AH74: =37000/1.73/SQRT(POWER((G74+O74+AC74),2)+N74*N74) -> 669.62206 | AI74: =37000/2/SQRT(POWER((H74+O74+AC74),2)+N74*N74) -> 566.73892 | AJ74: =AI74/1.2 -> 472.28243 | AK74: =AI74/1.5 -> 377.82595 | AL74: =SUM(6300/(1.732*AF74)) -> 3514.9713 | AM74: =SUM(6300/(2*AG74)) -> 2978.3577
A75: 2 | B75: КНС-2Б | C75: К-59 | D75: 2.5 | E75: Н | F75: Еловая | G75: 8.022 | H75: 8.849 | J75: 19.8 | N75: =0.314*I75+0.249*J75+0.195*K75+0.159*L75+0.06*M75 -> 4.9302 | O75: =0.4*SUM(I75:M75) -> 7.92 | P75: =SQRT(POWER(N75,2)+POWER(O75+G75,2)) -> 16.686948 | Q75: =SQRT(POWER(N75,2)+POWER(O75+H75,2)) -> 17.478737 | R75: =37000/1.73/SQRT(POWER((G75+O75),2)+N75*N75) -> 1281.6773 | S75: =37000/2/SQRT(N75*N75+POWER((H75+O75),2)) -> 1058.4289 | T75: 1 | U75: ТДНС-10000/35-УХЛ1 | V75: 10 | W75: 11 | X75: 36.75 | Y75: 6.3 | Z75: 8.26 | AA75: 157,1/916,4 | AB75: 12 | AC75: =Z75/100*X75*X75/V75 -> 11.155646 | AD75: =SQRT(POWER(N75,2)+POWER(O75+AC75+G75,2)) -> 27.5425 | AE75: =SQRT(POWER(N75,2)+POWER(O75+AC75+H75,2)) -> 28.356529 | AF75: =SQRT(POWER((AC75+O75+G75),2)+POWER(N75,2))*POWER(6.3/X75,2) -> 0.80941224 | AG75: =SQRT(POWER((H75+O75+AC75),2)+POWER(N75,2))*POWER(6.3/X75,2) -> 0.83333473 | AH75: =37000/1.73/SQRT(POWER((G75+O75+AC75),2)+N75*N75) -> 776.51932 | AI75: =37000/2/SQRT(POWER((H75+O75+AC75),2)+N75*N75) -> 652.40707 | AJ75: =AI75/1.2 -> 543.67256 | AK75: =AI75/1.5 -> 434.93805 | AL75: =SUM(6300/(1.732*AF75)) -> 4493.8947 | AM75: =SUM(6300/(2*AG75)) -> 3779.9937
A76: 2 | D76: 2.5 | E76: Н | F76: Еловая | G76: 8.0219231 | H76: 8.7336449 | J76: 19.8 | N76: =0.314*I76+0.249*J76+0.195*K76+0.159*L76+0.06*M76 -> 4.9302 | O76: =0.4*SUM(I76:M76) -> 7.92 | P76: =SQRT(POWER(N76,2)+POWER(O76+G76,2)) -> 16.686875 | Q76: =SQRT(POWER(N76,2)+POWER(O76+H76,2)) -> 17.368096 | R76: =37000/1.73/SQRT(POWER((G76+O76),2)+N76*N76) -> 1281.683 | S76: =37000/2/SQRT(N76*N76+POWER((H76+O76),2)) -> 1065.1714 | T76: 2 | U76: ТДНС-10000/35-УХЛ1 | V76: 10 | W76: 11 | X76: 36.75 | Y76: 6.3 | Z76: 8.21 | AA76: 157,1/916,4 | AB76: 12 | AC76: =Z76/100*X76*X76/V76 -> 11.088118 | AD76: =SQRT(POWER(N76,2)+POWER(O76+AC76+G76,2)) -> 27.475989 | AE76: =SQRT(POWER(N76,2)+POWER(O76+AC76+H76,2)) -> 28.176449 | AF76: =SQRT(POWER((AC76+O76+G76),2)+POWER(N76,2))*POWER(6.3/X76,2) -> 0.80745765 | AG76: =SQRT(POWER((H76+O76+AC76),2)+POWER(N76,2))*POWER(6.3/X76,2) -> 0.82804259 | AH76: =37000/1.73/SQRT(POWER((G76+O76+AC76),2)+N76*N76) -> 778.39902 | AI76: =37000/2/SQRT(POWER((H76+O76+AC76),2)+N76*N76) -> 656.5767 | AJ76: =AI76/1.2 -> 547.14725 | AK76: =AI76/1.5 -> 437.7178 | AL76: =SUM(6300/(1.732*AF76)) -> 4504.773 | AM76: =SUM(6300/(2*AG76)) -> 3804.1522

Sheet СР1(1)
A1: Реактансы ПС 35/6кВ СР-3
A2: СР | B2: Наименование ПС 35/6кВ | C2: Тип ПС | D2: №Ф-35кВ | E2: Режим | F2: Головная ПС | G2: Реактансы на с.ш.35кВ ПС 110/35/6кВ | I2: Длина ВЛ-35кВ | O2: Хвл-35кВ | Q2: Реактансы на ЛР 35кВ ПС 35/6кВ | S2: Токи на с.ш.35кВ ПС 35/6кВ до трансф. | U2: № тр-ра | V2: Тип | W2: S | X2: Груп Соед | Y2: U ВН | Z2: U HН | AA2: Uкз | AB2: Iвн/Iнн | AC2: РПН | AD2: Хтмак | AE2: Реактансы на с.ш.35кВ ПС 35/6кВ | AG2: Реактансы на с.ш.6кВ ПС 35/6кВ | AI2: Токи на с.ш.6кВ ПС 35/6кВ после трансф., приведенные к стороне 35кВ | AK2: Кч=1.2 | AL2: Кч=1.5 | AM2: Токи на с.ш.6кВ ПС 35/6кВ после трансф., приведенные к стороне 6,3кВ
G3: Хсмакc | H3: Хсмин | I3: АС-95 | J3: АС-120 | K3: АПвП 300 | L3: АС-150 | M3: АС-185 | N3: АС-500 | Q3: Хмакс | R3: Хмин | S3: Iмакс | T3: Iмин | AE3: Хмакс | AF3: Хмин | AG3: Хмакс | AH3: Хмин | AI3: Iмакс | AJ3: Iмин | AM3: Iмакс | AN3: Iмин
G4: Ом | H4: Ом | I4: км | J4: км | K4: км | L4: км | M4: км | N4: км | O4: Ом | P4: Ом | Q4: Ом | R4: Ом | S4: А | T4: А | W4: МВА | Y4: кВ | Z4: кВ | AA4: % | AB4: А | AC4: % | AD4: Ом | AE4: Ом | AF4: Ом | AG4: Ом | AH4: Ом | AI4: А | AJ4: А | AK4: А | AL4: А | AM4: А | AN4: А
A5: 3 | B5: ВЦТП | C5: К-37 | D5: 1.2 | E5: Н | F5: Мартыновская | G5: =Мартыновская!G15 -> 4.9020181 | H5: =Мартыновская!H15 -> 5.2862861 | J5: 0.92 | O5: =0.314*I5+0.249*J5+0.195*L5+0.159*M5+0.06*N5 -> 0.22908 | P5: =0.4*SUM(I5:N5) -> 0.368 | Q5: =SQRT(POWER(O5,2)+POWER(P5+G5,2)) -> 5.2749947 | R5: =SQRT(POWER(O5,2)+POWER(P5+H5,2)) -> 5.6589247 | S5: =37000/1.73/SQRT(POWER((G5+P5),2)+O5*O5) -> 4054.4654 | T5: =37000/2/SQRT(O5*O5+POWER((H5+P5),2)) -> 3269.1723 | U5: 1 | V5: ТДНС-10000/35 | W5: 10 | X5: 11 | Y5: 36.75 | Z5: 6.3 | AA5: 14.3 | AB5: 157/916 | AC5: 12 | AD5: =AA5/100*Y5*Y5/W5 -> 19.313044 | AE5: =SQRT(POWER(O5,2)+POWER(P5+AD5+G5,2)) -> 24.584129 | AF5: =SQRT(POWER(O5,2)+POWER(P5+AD5+H5,2)) -> 24.968381 | AG5: =SQRT(POWER((AD5+P5+G5),2)+POWER(O5,2))*POWER(6.3/Y5,2) -> 0.72247237 | AH5: =SQRT(POWER((H5+P5+AD5),2)+POWER(O5,2))*POWER(6.3/Y5,2) -> 0.73376466 | AI5: =37000/1.73/SQRT(POWER((G5+P5+AD5),2)+O5*O5) -> 869.96302 | AJ5: =37000/2/SQRT(POWER((H5+P5+AD5),2)+O5*O5) -> 740.93711 | AK5: =AJ5/1.2 -> 617.4476 | AL5: =AJ5/1.5 -> 493.95808 | AM5: =6300/(SQRT(3)*AG5) -> 5034.5271 | AN5: =6300/(2*AH5) -> 4292.9296
A6: 3 | D6: 1.2 | E6: Н | F6: Мартыновская | G6: =Мартыновская!G16 -> 4.8982573 | H6: =Мартыновская!H16 -> 5.2312064 | J6: 0.92 | O6: =0.314*I6+0.249*J6+0.195*L6+0.159*M6+0.06*N6 -> 0.22908 | P6: =0.4*SUM(I6:N6) -> 0.368 | Q6: =SQRT(POWER(O6,2)+POWER(P6+G6,2)) -> 5.2712374 | R6: =SQRT(POWER(O6,2)+POWER(P6+H6,2)) -> 5.6038906 | S6: =37000/1.73/SQRT(POWER((G6+P6),2)+O6*O6) -> 4057.3553 | T6: =37000/2/SQRT(O6*O6+POWER((H6+P6),2)) -> 3301.2779 | U6: 2 | V6: ТДНС-10000/35 | W6: 10 | X6: 11 | Y6: 36.75 | Z6: 6.3 | AA6: 8.13 | AB6: 157/916 | AC6: 12 | AD6: =AA6/100*Y6*Y6/W6 -> 10.980073 | AE6: =SQRT(POWER(O6,2)+POWER(P6+AD6+G6,2)) -> 16.247945 | AF6: =SQRT(POWER(O6,2)+POWER(P6+AD6+H6,2)) -> 16.580862 | AG6: =SQRT(POWER((AD6+P6+G6),2)+POWER(O6,2))*POWER(6.3/Y6,2) -> 0.47749064 | AH6: =SQRT(POWER((H6+P6+AD6),2)+POWER(O6,2))*POWER(6.3/Y6,2) -> 0.48727431 | AI6: =37000/1.73/SQRT(POWER((G6+P6+AD6),2)+O6*O6) -> 1316.3069 | AJ6: =37000/2/SQRT(POWER((H6+P6+AD6),2)+O6*O6) -> 1115.7442 | AK6: =AJ6/1.2 -> 929.7868 | AL6: =AJ6/1.5 -> 743.82944 | AM6: =6300/(SQRT(3)*AG6) -> 7617.5455 | AN6: =6300/(2*AH6) -> 6464.5312
A7: 3 | B7: Юкишевская | C7: К-37 | D7: 1.2 | E7: Н | F7: Мартыновская | G7: =Мартыновская!G15 -> 4.9020181 | H7: =H5 -> 5.2862861 | J7: 1.342 | O7: =0.314*I7+0.249*J7+0.195*L7+0.159*M7+0.06*N7 -> 0.334158 | P7: =0.4*SUM(I7:N7) -> 0.5368 | Q7: =SQRT(POWER(O7,2)+POWER(P7+G7,2)) -> 5.4490737 | R7: =SQRT(POWER(O7,2)+POWER(P7+H7,2)) -> 5.8326661 | S7: =37000/1.73/SQRT(POWER((G7+P7),2)+O7*O7) -> 3924.9392 | T7: =37000/2/SQRT(O7*O7+POWER((H7+P7),2)) -> 3171.7914 | U7: 1 | V7: ТДНС-10000/35 | W7: 10 | X7: 11 | Y7: 35 | Z7: 6.3 | AA7: 8.12 | AB7: 162/916 | AD7: =AA7/100*Y7*Y7/W7 -> 9.947 | AE7: =SQRT(POWER(O7,2)+POWER(P7+AD7+G7,2)) -> 15.389446 | AF7: =SQRT(POWER(O7,2)+POWER(P7+AD7+H7,2)) -> 15.773626 | AG7: =SQRT(POWER((AD7+P7+G7),2)+POWER(O7,2))*POWER(6.3/Y7,2) -> 0.49861806 | AH7: =SQRT(POWER((H7+P7+AD7),2)+POWER(O7,2))*POWER(6.3/Y7,2) -> 0.51106548 | AI7: =37000/1.73/SQRT(POWER((G7+P7+AD7),2)+O7*O7) -> 1389.737 | AJ7: =37000/2/SQRT(POWER((H7+P7+AD7),2)+O7*O7) -> 1172.8438 | AK7: =AJ7/1.2 -> 977.36986 | AL7: =AJ7/1.5 -> 781.89589 | AM7: =6300/(SQRT(3)*AG7) -> 7294.7752 | AN7: =6300/(2*AH7) -> 6163.5937
A8: 3 | D8: 1.2 | E8: Н | F8: Мартыновская | G8: =Мартыновская!G16 -> 4.8982573 | H8: =H6 -> 5.2312064 | J8: 1.342 | O8: =0.314*I8+0.249*J8+0.195*L8+0.159*M8+0.06*N8 -> 0.334158 | P8: =0.4*SUM(I8:N8) -> 0.5368 | Q8: =SQRT(POWER(O8,2)+POWER(P8+G8,2)) -> 5.44532 | R8: =SQRT(POWER(O8,2)+POWER(P8+H8,2)) -> 5.7776777 | S8: =37000/1.73/SQRT(POWER((G8+P8),2)+O8*O8) -> 3927.6449 | T8: =37000/2/SQRT(O8*O8+POWER((H8+P8),2)) -> 3201.9785 | U8: 2 | V8: ТДНС-10000/35 | W8: 10 | X8: 11 | Y8: 35 | Z8: 6.3 | AA8: 8.05 | AB8: 165/916 | AD8: =AA8/100*Y8*Y8/W8 -> 9.86125 | AE8: =SQRT(POWER(O8,2)+POWER(P8+AD8+G8,2)) -> 15.299957 | AF8: =SQRT(POWER(O8,2)+POWER(P8+AD8+H8,2)) -> 15.632828 | AG8: =SQRT(POWER((AD8+P8+G8),2)+POWER(O8,2))*POWER(6.3/Y8,2) -> 0.4957186 | AH8: =SQRT(POWER((H8+P8+AD8),2)+POWER(O8,2))*POWER(6.3/Y8,2) -> 0.50650363 | AI8: =37000/1.73/SQRT(POWER((G8+P8+AD8),2)+O8*O8) -> 1397.8656 | AJ8: =37000/2/SQRT(POWER((H8+P8+AD8),2)+O8*O8) -> 1183.4071 | AK8: =AJ8/1.2 -> 986.17259 | AL8: =AJ8/1.5 -> 788.93807 | AM8: =6300/(SQRT(3)*AG8) -> 7337.4424 | AN8: =6300/(2*AH8) -> 6219.1064
A9: 3 | B9: Южная | C9: К-59 | D9: 2.3 | E9: Н | F9: Дельта | G9: 6.348 | H9: 6.79 | J9: 0.08 | K9: 0.6 | O9: =0.314*I9+0.249*J9+0.025*K9+0.195*L9+0.159*M9+0.06*N9 -> 0.03492 | P9: =0.4*J9+0.04725*K9 -> 0.06035 | Q9: =SQRT(POWER(O9,2)+POWER(P9+G9,2)) -> 6.4084451 | R9: =SQRT(POWER(O9,2)+POWER(P9+H9,2)) -> 6.850439 | S9: =37000/1.73/SQRT(POWER((G9+P9),2)+O9*O9) -> 3337.3592 | T9: =37000/2/SQRT(O9*O9+POWER((H9+P9),2)) -> 2700.5569 | U9: 1 | V9: ТДНС-10000/35 | W9: 10 | X9: 11 | Y9: 36.75 | Z9: 6.3 | AA9: 8.5 | AC9: 12 | AD9: =AA9/100*Y9*Y9/W9 -> 11.479781 | AE9: =SQRT(POWER(O9,2)+POWER(P9+AD9+G9,2)) -> 17.888165 | AF9: =SQRT(POWER(O9,2)+POWER(P9+AD9+H9,2)) -> 18.330165 | AG9: =SQRT(POWER((AD9+P9+G9),2)+POWER(O9,2))*POWER(6.3/Y9,2) -> 0.52569302 | AH9: =SQRT(POWER((H9+P9+AD9),2)+POWER(O9,2))*POWER(6.3/Y9,2) -> 0.53868239 | AI9: =37000/1.73/SQRT(POWER((G9+P9+AD9),2)+O9*O9) -> 1195.6108 | AJ9: =37000/2/SQRT(POWER((H9+P9+AD9),2)+O9*O9) -> 1009.2654 | AK9: =AJ9/1.2 -> 841.05446 | AL9: =AJ9/1.5 -> 672.84357 | AM9: =6300/(SQRT(3)*AG9) -> 6919.0698 | AN9: =6300/(2*AH9) -> 5847.6016
A10: 3 | D10: 2.3 | E10: Н | F10: Дельта | G10: 6.348 | H10: 6.79 | J10: 0.08 | K10: 0.6 | O10: =0.314*I10+0.249*J10+0.025*K10+0.195*L10+0.159*M10+0.06*N10 -> 0.03492 | P10: =0.4*J10+0.04725*K10 -> 0.06035 | Q10: =SQRT(POWER(O10,2)+POWER(P10+G10,2)) -> 6.4084451 | R10: =SQRT(POWER(O10,2)+POWER(P10+H10,2)) -> 6.850439 | S10: =37000/1.73/SQRT(POWER((G10+P10),2)+O10*O10) -> 3337.3592 | T10: =37000/2/SQRT(O10*O10+POWER((H10+P10),2)) -> 2700.5569 | U10: 2 | V10: ТДНС-10000/35 | W10: 10 | X10: 11 | Y10: 36.75 | Z10: 6.3 | AA10: 8.11 | AC10: 12 | AD10: =AA10/100*Y10*Y10/W10 -> 10.953062 | AE10: =SQRT(POWER(O10,2)+POWER(P10+AD10+G10,2)) -> 17.361447 | AF10: =SQRT(POWER(O10,2)+POWER(P10+AD10+H10,2)) -> 17.803446 | AG10: =SQRT(POWER((AD10+P10+G10),2)+POWER(O10,2))*POWER(6.3/Y10,2) -> 0.51021395 | AH10: =SQRT(POWER((H10+P10+AD10),2)+POWER(O10,2))*POWER(6.3/Y10,2) -> 0.52320331 | AI10: =37000/1.73/SQRT(POWER((G10+P10+AD10),2)+O10*O10) -> 1231.8837 | AJ10: =37000/2/SQRT(POWER((H10+P10+AD10),2)+O10*O10) -> 1039.1247 | AK10: =AJ10/1.2 -> 865.93722 | AL10: =AJ10/1.5 -> 692.74978 | AM10: =6300/(SQRT(3)*AG10) -> 7128.9832 | AN10: =6300/(2*AH10) -> 6020.6041
A11: 3 | B11: ВЦТП | C11: К-37 | D11: 3.4 | E11: А | F11: Мартыновская | G11: =Мартыновская!G15 -> 4.9020181 | H11: =Мартыновская!H15 -> 5.2862861 | J11: 12.36 | O11: =0.314*I11+0.249*J11+0.195*L11+0.159*M11+0.06*N11 -> 3.07764 | P11: =0.4*SUM(I11:N11) -> 4.944 | Q11: =SQRT(POWER(O11,2)+POWER(P11+G11,2)) -> 10.31581 | R11: =SQRT(POWER(O11,2)+POWER(P11+H11,2)) -> 10.683193 | S11: =37000/1.73/SQRT(POWER((G11+P11),2)+O11*O11) -> 2073.2529 | T11: =37000/2/SQRT(O11*O11+POWER((H11+P11),2)) -> 1731.6919 | U11: 1 | V11: ТДНС-10000/35 | W11: 10 | X11: 11 | Y11: 36.75 | Z11: 6.3 | AA11: 14.3 | AC11: 12 | AD11: =AA11/100*Y11*Y11/W11 -> 19.313044 | AE11: =SQRT(POWER(O11,2)+POWER(P11+AD11+G11,2)) -> 29.321029 | AF11: =SQRT(POWER(O11,2)+POWER(P11+AD11+H11,2)) -> 29.703202 | AG11: =SQRT(POWER((AD11+P11+G11),2)+POWER(O11,2))*POWER(6.3/Y11,2) -> 0.86167923 | AH11: =SQRT(POWER((H11+P11+AD11),2)+POWER(O11,2))*POWER(6.3/Y11,2) -> 0.87291043 | AI11: =37000/1.73/SQRT(POWER((G11+P11+AD11),2)+O11*O11) -> 729.41789 | AJ11: =37000/2/SQRT(POWER((H11+P11+AD11),2)+O11*O11) -> 622.82848 | AK11: =AJ11/1.2 -> 519.02373 | AL11: =AJ11/1.5 -> 415.21898 | AM11: =6300/(SQRT(3)*AG11) -> 4221.1841 | AN11: =6300/(2*AH11) -> 3608.6177
A12: 3 | D12: 3.4 | E12: А | F12: Мартыновская | G12: =Мартыновская!G16 -> 4.8982573 | H12: =Мартыновская!H16 -> 5.2312064 | J12: 12.36 | O12: =0.314*I12+0.249*J12+0.195*L12+0.159*M12+0.06*N12 -> 3.07764 | P12: =0.4*SUM(I12:N12) -> 4.944 | Q12: =SQRT(POWER(O12,2)+POWER(P12+G12,2)) -> 10.312221 | R12: =SQRT(POWER(O12,2)+POWER(P12+H12,2)) -> 10.630461 | S12: =37000/1.73/SQRT(POWER((G12+P12),2)+O12*O12) -> 2073.9745 | T12: =37000/2/SQRT(O12*O12+POWER((H12+P12),2)) -> 1740.2821 | U12: 2 | V12: ТДНС-10000/35 | W12: 10 | X12: 11 | Y12: 36.75 | Z12: 6.3 | AA12: 8.13 | AC12: 12 | AD12: =AA12/100*Y12*Y12/W12 -> 10.980073 | AE12: =SQRT(POWER(O12,2)+POWER(P12+AD12+G12,2)) -> 21.048547 | AF12: =SQRT(POWER(O12,2)+POWER(P12+AD12+H12,2)) -> 21.377973 | AG12: =SQRT(POWER((AD12+P12+G12),2)+POWER(O12,2))*POWER(6.3/Y12,2) -> 0.61856953 | AH12: =SQRT(POWER((H12+P12+AD12),2)+POWER(O12,2))*POWER(6.3/Y12,2) -> 0.62825063 | AI12: =37000/1.73/SQRT(POWER((G12+P12+AD12),2)+O12*O12) -> 1016.0931 | AJ12: =37000/2/SQRT(POWER((H12+P12+AD12),2)+O12*O12) -> 865.37672 | AK12: =AJ12/1.2 -> 721.14727 | AL12: =AJ12/1.5 -> 576.91781 | AM12: =6300/(SQRT(3)*AG12) -> 5880.1905 | AN12: =6300/(2*AH12) -> 5013.9226
